Order_ID,Order_Date,Customer_ID,Customer_Segment,Region,Country,Product_ID,Product_Category,Product_Name,Quantity,Unit_Price,Unit_Cost,Revenue,Cost,Profit,Sales_Rep,Payment_Method,Order_Status
ORD-10001,2024-01-01,CUST-201,Corporate,North America,United States,PRD-01,Electronics,Laptop Pro 14,7,1200,900,8400,6300,2100,Alex Morgan,Card,Completed
ORD-10002,2024-01-02,CUST-305,Consumer,Europe,Germany,PRD-02,Electronics,Tablet Air 10,5,600,520,3000,2600,400,Daniel Smith,Card,Completed
ORD-10003,2024-01-03,CUST-178,Small Business,Asia-Pacific,Australia,PRD-03,Furniture,Office Chair Deluxe,3,320,250,960,750,210,Sophie Klein,Cash,Completed
ORD-10004,2024-01-04,CUST-412,Corporate,Middle East,United Arab Emirates,PRD-04,Furniture,Standing Desk Pro,3,850,700,2550,2100,450,Marie Dubois,Card,Returned
ORD-10005,2024-01-05,CUST-256,Consumer,South America,Brazil,PRD-05,Electronics,Wireless Monitor 27,3,450,380,1350,1140,210,Jan de Vries,Transfer,Pending
ORD-10006,2024-01-06,CUST-389,Small Business,Europe,France,PRD-06,Office Supply,Wireless Mouse,2,25,18,50,36,14,Liam Chen,Transfer,Completed
ORD-10007,2024-01-07,CUST-144,Corporate,North America,Canada,PRD-07,Office Supplies,Paper Ream A4,4,6,3,24,12,12,Wei Zhang,Card,Completed
ORD-10008,2024-01-08,CUST-198,Consumer,Asia-Pacific,Singapore,PRD-08,Furniture,Conference Table,4,2200,2000,8800,8000,800,Omar Hassan,Transfer,Pending
ORD-10009,2024-01-09,CUST-501,Corporate,Europe,Netherlands,PRD-09,Office Supplies,Ink Cartridge XL,4,45,40,180,160,20,Fahad Al Saud,Card,Completed
ORD-10010,2024-01-10,CUST-322,Small Business,Middle East,Saudi Arabia,PRD-01,Electronics,Laptop Pro 14,3,1200,900,3600,2700,900,Lucas Pereira,Cash,Completed
ORD-10011,2024-01-11,CUST-201,Corporate,North America,United States,PRD-02,Electronics,Tablet Air 10,4,600,520,2400,2080,320,Alex Morgan,Cash,Completed
ORD-10012,2024-01-12,CUST-305,Consumer,Europe,Germany,PRD-03,Furniture,Office Chair Deluxe,4,320,250,1280,1000,280,Daniel Smith,Cash,Returned
ORD-10013,2024-01-13,CUST-178,Small Business,Asia-Pacific,Australia,PRD-04,Furniture,Standing Desk Pro,1,850,700,850,700,150,Sophie Klein,Cash,Pending
ORD-10014,2024-01-14,CUST-412,Corporate,Middle East,United Arab Emirates,PRD-05,Electronics,Wireless Monitor 27,3,450,380,1350,1140,210,Marie Dubois,Cash,Pending
ORD-10015,2024-01-15,CUST-256,Consumer,South America,Brazil,PRD-06,Office Supply,Wireless Mouse,1,25,18,25,18,7,Jan de Vries,Cash,Completed
ORD-10016,2024-01-16,CUST-389,Small Business,Europe,France,PRD-07,Office Supplies,Paper Ream A4,4,6,3,24,12,12,Liam Chen,Card,Returned
ORD-10017,2024-01-17,CUST-144,Corporate,North America,Canada,PRD-08,Furniture,Conference Table,6,2200,2000,13200,12000,1200,Wei Zhang,Transfer,Completed
ORD-10018,2024-01-18,CUST-198,Consumer,Asia-Pacific,Singapore,PRD-09,Office Supplies,Ink Cartridge XL,1,45,40,45,40,5,Omar Hassan,Transfer,Pending
ORD-10019,2024-01-19,CUST-501,Corporate,Europe,Netherlands,PRD-01,Electronics,Laptop Pro 14,2,1200,900,2400,1800,600,Fahad Al Saud,Cash,Returned
ORD-10020,2024-01-20,CUST-322,Small Business,Middle East,Saudi Arabia,PRD-02,Electronics,Tablet Air 10,7,600,520,4200,3640,560,Lucas Pereira,Card,Completed
ORD-10021,2024-01-21,CUST-201,Corporate,North America,United States,PRD-03,Furniture,Office Chair Deluxe,6,320,250,1920,1500,420,Alex Morgan,Card,Returned
ORD-10022,2024-01-22,CUST-305,Consumer,Europe,Germany,PRD-04,Furniture,Standing Desk Pro,2,850,700,1700,1400,300,Daniel Smith,Transfer,Completed
ORD-10023,2024-01-23,CUST-178,Small Business,Asia-Pacific,Australia,PRD-05,Electronics,Wireless Monitor 27,4,450,380,1800,1520,280,Sophie Klein,Transfer,Pending
ORD-10024,2024-01-24,CUST-412,Corporate,Middle East,United Arab Emirates,PRD-06,Office Supply,Wireless Mouse,7,25,18,175,126,49,Marie Dubois,Transfer,Completed
ORD-10025,2024-01-25,CUST-256,Consumer,South America,Brazil,PRD-07,Office Supplies,Paper Ream A4,4,6,3,24,12,12,Jan de Vries,Transfer,Completed
ORD-10026,2024-01-26,CUST-389,Small Business,Europe,France,PRD-08,Furniture,Conference Table,6,2200,2000,13200,12000,1200,Liam Chen,Transfer,Returned
ORD-10027,2024-01-27,CUST-144,Corporate,North America,Canada,PRD-09,Office Supplies,Ink Cartridge XL,1,45,40,45,40,5,Wei Zhang,Transfer,Pending
ORD-10028,2024-01-28,CUST-198,Consumer,Asia-Pacific,Singapore,PRD-01,Electronics,Laptop Pro 14,5,1200,900,6000,4500,1500,Omar Hassan,Transfer,Pending
ORD-10029,2024-01-29,CUST-501,Corporate,Europe,Netherlands,PRD-02,Electronics,Tablet Air 10,2,600,520,1200,1040,160,Fahad Al Saud,Card,Returned
ORD-10030,2024-01-30,CUST-322,Small Business,Middle East,Saudi Arabia,PRD-03,Furniture,Office Chair Deluxe,4,320,250,1280,1000,280,Lucas Pereira,Card,Completed
ORD-10031,2024-01-31,CUST-201,Corporate,North America,United States,PRD-04,Furniture,Standing Desk Pro,5,850,700,4250,3500,750,Alex Morgan,Cash,Pending
ORD-10032,2024-02-01,CUST-305,Consumer,Europe,Germany,PRD-05,Electronics,Wireless Monitor 27,1,450,380,450,380,70,Daniel Smith,Card,Completed
ORD-10033,2024-02-02,CUST-178,Small Business,Asia-Pacific,Australia,PRD-06,Office Supply,Wireless Mouse,1,25,18,25,18,7,Sophie Klein,Cash,Completed
ORD-10034,2024-02-03,CUST-412,Corporate,Middle East,United Arab Emirates,PRD-07,Office Supplies,Paper Ream A4,3,6,3,18,9,9,Marie Dubois,Card,Completed
ORD-10035,2024-02-04,CUST-256,Consumer,South America,Brazil,PRD-08,Furniture,Conference Table,3,2200,2000,6600,6000,600,Jan de Vries,Card,Completed
ORD-10036,2024-02-05,CUST-389,Small Business,Europe,France,PRD-09,Office Supplies,Ink Cartridge XL,5,45,40,225,200,25,Liam Chen,Transfer,Completed
ORD-10037,2024-02-06,CUST-144,Corporate,North America,Canada,PRD-01,Electronics,Laptop Pro 14,1,1200,900,1200,900,300,Wei Zhang,Cash,Completed
ORD-10038,2024-02-07,CUST-198,Consumer,Asia-Pacific,Singapore,PRD-02,Electronics,Tablet Air 10,4,600,520,2400,2080,320,Omar Hassan,Transfer,Completed
ORD-10039,2024-02-08,CUST-501,Corporate,Europe,Netherlands,PRD-03,Furniture,Office Chair Deluxe,7,320,250,2240,1750,490,Fahad Al Saud,Cash,Pending
ORD-10040,2024-02-09,CUST-322,Small Business,Middle East,Saudi Arabia,PRD-04,Furniture,Standing Desk Pro,3,850,700,2550,2100,450,Lucas Pereira,Transfer,Completed
ORD-10041,2024-02-10,CUST-201,Corporate,North America,United States,PRD-05,Electronics,Wireless Monitor 27,3,450,380,1350,1140,210,Alex Morgan,Card,Completed
ORD-10042,2024-02-11,CUST-305,Consumer,Europe,Germany,PRD-06,Office Supply,Wireless Mouse,5,25,18,125,90,35,Daniel Smith,Cash,Completed
ORD-10043,2024-02-12,CUST-178,Small Business,Asia-Pacific,Australia,PRD-07,Office Supplies,Paper Ream A4,1,6,3,6,3,3,Sophie Klein,Card,Completed
ORD-10044,2024-02-13,CUST-412,Corporate,Middle East,United Arab Emirates,PRD-08,Furniture,Conference Table,7,2200,2000,15400,14000,1400,Marie Dubois,Cash,Completed
ORD-10045,2024-02-14,CUST-256,Consumer,South America,Brazil,PRD-09,Office Supplies,Ink Cartridge XL,1,45,40,45,40,5,Jan de Vries,Cash,Completed
ORD-10046,2024-02-15,CUST-389,Small Business,Europe,France,PRD-01,Electronics,Laptop Pro 14,2,1200,900,2400,1800,600,Liam Chen,Card,Completed
ORD-10047,2024-02-16,CUST-144,Corporate,North America,Canada,PRD-02,Electronics,Tablet Air 10,7,600,520,4200,3640,560,Wei Zhang,Cash,Completed
ORD-10048,2024-02-17,CUST-198,Consumer,Asia-Pacific,Singapore,PRD-03,Furniture,Office Chair Deluxe,4,320,250,1280,1000,280,Omar Hassan,Card,Returned
ORD-10049,2024-02-18,CUST-501,Corporate,Europe,Netherlands,PRD-04,Furniture,Standing Desk Pro,6,850,700,5100,4200,900,Fahad Al Saud,Card,Pending
ORD-10050,2024-02-19,CUST-322,Small Business,Middle East,Saudi Arabia,PRD-05,Electronics,Wireless Monitor 27,7,450,380,3150,2660,490,Lucas Pereira,Cash,Pending
ORD-10051,2024-02-20,CUST-201,Corporate,North America,United States,PRD-06,Office Supply,Wireless Mouse,4,25,18,100,72,28,Alex Morgan,Card,Completed
ORD-10052,2024-02-21,CUST-305,Consumer,Europe,Germany,PRD-07,Office Supplies,Paper Ream A4,3,6,3,18,9,9,Daniel Smith,Transfer,Returned
ORD-10053,2024-02-22,CUST-178,Small Business,Asia-Pacific,Australia,PRD-08,Furniture,Conference Table,2,2200,2000,4400,4000,400,Sophie Klein,Transfer,Pending
ORD-10054,2024-02-23,CUST-412,Corporate,Middle East,United Arab Emirates,PRD-09,Office Supplies,Ink Cartridge XL,6,45,40,270,240,30,Marie Dubois,Card,Pending
ORD-10055,2024-02-24,CUST-256,Consumer,South America,Brazil,PRD-01,Electronics,Laptop Pro 14,6,1200,900,7200,5400,1800,Jan de Vries,Transfer,Completed
ORD-10056,2024-02-25,CUST-389,Small Business,Europe,France,PRD-02,Electronics,Tablet Air 10,2,600,520,1200,1040,160,Liam Chen,Cash,Returned
ORD-10057,2024-02-26,CUST-144,Corporate,North America,Canada,PRD-03,Furniture,Office Chair Deluxe,1,320,250,320,250,70,Wei Zhang,Cash,Completed
ORD-10058,2024-02-27,CUST-198,Consumer,Asia-Pacific,Singapore,PRD-04,Furniture,Standing Desk Pro,1,850,700,850,700,150,Omar Hassan,Card,Completed
ORD-10059,2024-02-28,CUST-501,Corporate,Europe,Netherlands,PRD-05,Electronics,Wireless Monitor 27,6,450,380,2700,2280,420,Fahad Al Saud,Card,Returned
ORD-10060,2024-02-29,CUST-322,Small Business,Middle East,Saudi Arabia,PRD-06,Office Supply,Wireless Mouse,5,25,18,125,90,35,Lucas Pereira,Card,Completed
ORD-10061,2024-03-01,CUST-201,Corporate,North America,United States,PRD-07,Office Supplies,Paper Ream A4,7,6,3,42,21,21,Alex Morgan,Transfer,Completed
ORD-10062,2024-03-02,CUST-305,Consumer,Europe,Germany,PRD-08,Furniture,Conference Table,1,2200,2000,2200,2000,200,Daniel Smith,Transfer,Pending
ORD-10063,2024-03-03,CUST-178,Small Business,Asia-Pacific,Australia,PRD-09,Office Supplies,Ink Cartridge XL,1,45,40,45,40,5,Sophie Klein,Cash,Completed
ORD-10064,2024-03-04,CUST-412,Corporate,Middle East,United Arab Emirates,PRD-01,Electronics,Laptop Pro 14,4,1200,900,4800,3600,1200,Marie Dubois,Cash,Completed
ORD-10065,2024-03-05,CUST-256,Consumer,South America,Brazil,PRD-02,Electronics,Tablet Air 10,6,600,520,3600,3120,480,Jan de Vries,Card,Returned
ORD-10066,2024-03-06,CUST-389,Small Business,Europe,France,PRD-03,Furniture,Office Chair Deluxe,1,320,250,320,250,70,Liam Chen,Transfer,Completed
ORD-10067,2024-03-07,CUST-144,Corporate,North America,Canada,PRD-04,Furniture,Standing Desk Pro,2,850,700,1700,1400,300,Wei Zhang,Transfer,Completed
ORD-10068,2024-03-08,CUST-198,Consumer,Asia-Pacific,Singapore,PRD-05,Electronics,Wireless Monitor 27,3,450,380,1350,1140,210,Omar Hassan,Card,Pending
ORD-10069,2024-03-09,CUST-501,Corporate,Europe,Netherlands,PRD-06,Office Supply,Wireless Mouse,1,25,18,25,18,7,Fahad Al Saud,Card,Completed
ORD-10070,2024-03-10,CUST-322,Small Business,Middle East,Saudi Arabia,PRD-07,Office Supplies,Paper Ream A4,1,6,3,6,3,3,Lucas Pereira,Transfer,Completed
ORD-10071,2024-03-11,CUST-201,Corporate,North America,United States,PRD-08,Furniture,Conference Table,4,2200,2000,8800,8000,800,Alex Morgan,Transfer,Pending
ORD-10072,2024-03-12,CUST-305,Consumer,Europe,Germany,PRD-09,Office Supplies,Ink Cartridge XL,1,45,40,45,40,5,Daniel Smith,Card,Completed
ORD-10073,2024-03-13,CUST-178,Small Business,Asia-Pacific,Australia,PRD-01,Electronics,Laptop Pro 14,6,1200,900,7200,5400,1800,Sophie Klein,Transfer,Pending
ORD-10074,2024-03-14,CUST-412,Corporate,Middle East,United Arab Emirates,PRD-02,Electronics,Tablet Air 10,4,600,520,2400,2080,320,Marie Dubois,Transfer,Returned
ORD-10075,2024-03-15,CUST-256,Consumer,South America,Brazil,PRD-03,Furniture,Office Chair Deluxe,7,320,250,2240,1750,490,Jan de Vries,Cash,Completed
ORD-10076,2024-03-16,CUST-389,Small Business,Europe,France,PRD-04,Furniture,Standing Desk Pro,1,850,700,850,700,150,Liam Chen,Cash,Pending
ORD-10077,2024-03-17,CUST-144,Corporate,North America,Canada,PRD-05,Electronics,Wireless Monitor 27,4,450,380,1800,1520,280,Wei Zhang,Transfer,Completed
ORD-10078,2024-03-18,CUST-198,Consumer,Asia-Pacific,Singapore,PRD-06,Office Supply,Wireless Mouse,7,25,18,175,126,49,Omar Hassan,Card,Completed
ORD-10079,2024-03-19,CUST-501,Corporate,Europe,Netherlands,PRD-07,Office Supplies,Paper Ream A4,4,6,3,24,12,12,Fahad Al Saud,Cash,Pending
ORD-10080,2024-03-20,CUST-322,Small Business,Middle East,Saudi Arabia,PRD-08,Furniture,Conference Table,3,2200,2000,6600,6000,600,Lucas Pereira,Cash,Returned
ORD-10081,2024-03-21,CUST-201,Corporate,North America,United States,PRD-09,Office Supplies,Ink Cartridge XL,3,45,40,135,120,15,Alex Morgan,Transfer,Completed
ORD-10082,2024-03-22,CUST-305,Consumer,Europe,Germany,PRD-01,Electronics,Laptop Pro 14,7,1200,900,8400,6300,2100,Daniel Smith,Cash,Returned
ORD-10083,2024-03-23,CUST-178,Small Business,Asia-Pacific,Australia,PRD-02,Electronics,Tablet Air 10,7,600,520,4200,3640,560,Sophie Klein,Card,Completed
ORD-10084,2024-03-24,CUST-412,Corporate,Middle East,United Arab Emirates,PRD-03,Furniture,Office Chair Deluxe,7,320,250,2240,1750,490,Marie Dubois,Transfer,Completed
ORD-10085,2024-03-25,CUST-256,Consumer,South America,Brazil,PRD-04,Furniture,Standing Desk Pro,3,850,700,2550,2100,450,Jan de Vries,Card,Completed
ORD-10086,2024-03-26,CUST-389,Small Business,Europe,France,PRD-05,Electronics,Wireless Monitor 27,2,450,380,900,760,140,Liam Chen,Cash,Completed
ORD-10087,2024-03-27,CUST-144,Corporate,North America,Canada,PRD-06,Office Supply,Wireless Mouse,3,25,18,75,54,21,Wei Zhang,Cash,Returned
ORD-10088,2024-03-28,CUST-198,Consumer,Asia-Pacific,Singapore,PRD-07,Office Supplies,Paper Ream A4,2,6,3,12,6,6,Omar Hassan,Card,Returned
ORD-10089,2024-03-29,CUST-501,Corporate,Europe,Netherlands,PRD-08,Furniture,Conference Table,4,2200,2000,8800,8000,800,Fahad Al Saud,Card,Completed
ORD-10090,2024-03-30,CUST-322,Small Business,Middle East,Saudi Arabia,PRD-09,Office Supplies,Ink Cartridge XL,1,45,40,45,40,5,Lucas Pereira,Transfer,Returned
ORD-10091,2024-03-31,CUST-201,Corporate,North America,United States,PRD-01,Electronics,Laptop Pro 14,5,1200,900,6000,4500,1500,Alex Morgan,Card,Completed
ORD-10092,2024-04-01,CUST-305,Consumer,Europe,Germany,PRD-02,Electronics,Tablet Air 10,7,600,520,4200,3640,560,Daniel Smith,Card,Completed
ORD-10093,2024-04-02,CUST-178,Small Business,Asia-Pacific,Australia,PRD-03,Furniture,Office Chair Deluxe,3,320,250,960,750,210,Sophie Klein,Cash,Completed
ORD-10094,2024-04-03,CUST-412,Corporate,Middle East,United Arab Emirates,PRD-04,Furniture,Standing Desk Pro,4,850,700,3400,2800,600,Marie Dubois,Transfer,Completed
ORD-10095,2024-04-04,CUST-256,Consumer,South America,Brazil,PRD-05,Electronics,Wireless Monitor 27,4,450,380,1800,1520,280,Jan de Vries,Cash,Completed
ORD-10096,2024-04-05,CUST-389,Small Business,Europe,France,PRD-06,Office Supply,Wireless Mouse,4,25,18,100,72,28,Liam Chen,Transfer,Returned
ORD-10097,2024-04-06,CUST-144,Corporate,North America,Canada,PRD-07,Office Supplies,Paper Ream A4,6,6,3,36,18,18,Wei Zhang,Cash,Completed
ORD-10098,2024-04-07,CUST-198,Consumer,Asia-Pacific,Singapore,PRD-08,Furniture,Conference Table,3,2200,2000,6600,6000,600,Omar Hassan,Card,Pending
ORD-10099,2024-04-08,CUST-501,Corporate,Europe,Netherlands,PRD-09,Office Supplies,Ink Cartridge XL,2,45,40,90,80,10,Fahad Al Saud,Transfer,Completed
ORD-10100,2024-04-09,CUST-322,Small Business,Middle East,Saudi Arabia,PRD-01,Electronics,Laptop Pro 14,2,1200,900,2400,1800,600,Lucas Pereira,Transfer,Completed
ORD-10101,2024-04-10,CUST-201,Corporate,North America,United States,PRD-02,Electronics,Tablet Air 10,5,600,520,3000,2600,400,Alex Morgan,Card,Returned
ORD-10102,2024-04-11,CUST-305,Consumer,Europe,Germany,PRD-03,Furniture,Office Chair Deluxe,1,320,250,320,250,70,Daniel Smith,Card,Pending
ORD-10103,2024-04-12,CUST-178,Small Business,Asia-Pacific,Australia,PRD-04,Furniture,Standing Desk Pro,4,850,700,3400,2800,600,Sophie Klein,Cash,Completed
ORD-10104,2024-04-13,CUST-412,Corporate,Middle East,United Arab Emirates,PRD-05,Electronics,Wireless Monitor 27,1,450,380,450,380,70,Marie Dubois,Card,Returned
ORD-10105,2024-04-14,CUST-256,Consumer,South America,Brazil,PRD-06,Office Supply,Wireless Mouse,3,25,18,75,54,21,Jan de Vries,Cash,Pending
ORD-10106,2024-04-15,CUST-389,Small Business,Europe,France,PRD-07,Office Supplies,Paper Ream A4,3,6,3,18,9,9,Liam Chen,Transfer,Completed
ORD-10107,2024-04-16,CUST-144,Corporate,North America,Canada,PRD-08,Furniture,Conference Table,3,2200,2000,6600,6000,600,Wei Zhang,Transfer,Pending
ORD-10108,2024-04-17,CUST-198,Consumer,Asia-Pacific,Singapore,PRD-09,Office Supplies,Ink Cartridge XL,6,45,40,270,240,30,Omar Hassan,Card,Returned
ORD-10109,2024-04-18,CUST-501,Corporate,Europe,Netherlands,PRD-01,Electronics,Laptop Pro 14,7,1200,900,8400,6300,2100,Fahad Al Saud,Card,Pending
ORD-10110,2024-04-19,CUST-322,Small Business,Middle East,Saudi Arabia,PRD-02,Electronics,Tablet Air 10,4,600,520,2400,2080,320,Lucas Pereira,Card,Completed
ORD-10111,2024-04-20,CUST-201,Corporate,North America,United States,PRD-03,Furniture,Office Chair Deluxe,4,320,250,1280,1000,280,Alex Morgan,Cash,Completed
ORD-10112,2024-04-21,CUST-305,Consumer,Europe,Germany,PRD-04,Furniture,Standing Desk Pro,1,850,700,850,700,150,Daniel Smith,Transfer,Pending
ORD-10113,2024-04-22,CUST-178,Small Business,Asia-Pacific,Australia,PRD-05,Electronics,Wireless Monitor 27,6,450,380,2700,2280,420,Sophie Klein,Card,Completed
ORD-10114,2024-04-23,CUST-412,Corporate,Middle East,United Arab Emirates,PRD-06,Office Supply,Wireless Mouse,4,25,18,100,72,28,Marie Dubois,Card,Pending
ORD-10115,2024-04-24,CUST-256,Consumer,South America,Brazil,PRD-07,Office Supplies,Paper Ream A4,5,6,3,30,15,15,Jan de Vries,Card,Pending
ORD-10116,2024-04-25,CUST-389,Small Business,Europe,France,PRD-08,Furniture,Conference Table,7,2200,2000,15400,14000,1400,Liam Chen,Cash,Returned
ORD-10117,2024-04-26,CUST-144,Corporate,North America,Canada,PRD-09,Office Supplies,Ink Cartridge XL,1,45,40,45,40,5,Wei Zhang,Cash,Pending
ORD-10118,2024-04-27,CUST-198,Consumer,Asia-Pacific,Singapore,PRD-01,Electronics,Laptop Pro 14,5,1200,900,6000,4500,1500,Omar Hassan,Cash,Completed
ORD-10119,2024-04-28,CUST-501,Corporate,Europe,Netherlands,PRD-02,Electronics,Tablet Air 10,3,600,520,1800,1560,240,Fahad Al Saud,Transfer,Completed
ORD-10120,2024-04-29,CUST-322,Small Business,Middle East,Saudi Arabia,PRD-03,Furniture,Office Chair Deluxe,2,320,250,640,500,140,Lucas Pereira,Cash,Completed
ORD-10121,2024-04-30,CUST-201,Corporate,North America,United States,PRD-04,Furniture,Standing Desk Pro,3,850,700,2550,2100,450,Alex Morgan,Transfer,Completed
ORD-10122,2024-05-01,CUST-305,Consumer,Europe,Germany,PRD-05,Electronics,Wireless Monitor 27,7,450,380,3150,2660,490,Daniel Smith,Transfer,Completed
ORD-10123,2024-05-02,CUST-178,Small Business,Asia-Pacific,Australia,PRD-06,Office Supply,Wireless Mouse,7,25,18,175,126,49,Sophie Klein,Cash,Completed
ORD-10124,2024-05-03,CUST-412,Corporate,Middle East,United Arab Emirates,PRD-07,Office Supplies,Paper Ream A4,2,6,3,12,6,6,Marie Dubois,Transfer,Completed
ORD-10125,2024-05-04,CUST-256,Consumer,South America,Brazil,PRD-08,Furniture,Conference Table,1,2200,2000,2200,2000,200,Jan de Vries,Card,Completed
ORD-10126,2024-05-05,CUST-389,Small Business,Europe,France,PRD-09,Office Supplies,Ink Cartridge XL,6,45,40,270,240,30,Liam Chen,Cash,Pending
ORD-10127,2024-05-06,CUST-144,Corporate,North America,Canada,PRD-01,Electronics,Laptop Pro 14,2,1200,900,2400,1800,600,Wei Zhang,Cash,Completed
ORD-10128,2024-05-07,CUST-198,Consumer,Asia-Pacific,Singapore,PRD-02,Electronics,Tablet Air 10,3,600,520,1800,1560,240,Omar Hassan,Transfer,Completed
ORD-10129,2024-05-08,CUST-501,Corporate,Europe,Netherlands,PRD-03,Furniture,Office Chair Deluxe,5,320,250,1600,1250,350,Fahad Al Saud,Transfer,Completed
ORD-10130,2024-05-09,CUST-322,Small Business,Middle East,Saudi Arabia,PRD-04,Furniture,Standing Desk Pro,4,850,700,3400,2800,600,Lucas Pereira,Card,Returned
ORD-10131,2024-05-10,CUST-201,Corporate,North America,United States,PRD-05,Electronics,Wireless Monitor 27,1,450,380,450,380,70,Alex Morgan,Transfer,Returned
ORD-10132,2024-05-11,CUST-305,Consumer,Europe,Germany,PRD-06,Office Supply,Wireless Mouse,3,25,18,75,54,21,Daniel Smith,Cash,Returned
ORD-10133,2024-05-12,CUST-178,Small Business,Asia-Pacific,Australia,PRD-07,Office Supplies,Paper Ream A4,2,6,3,12,6,6,Sophie Klein,Transfer,Completed
ORD-10134,2024-05-13,CUST-412,Corporate,Middle East,United Arab Emirates,PRD-08,Furniture,Conference Table,1,2200,2000,2200,2000,200,Marie Dubois,Transfer,Pending
ORD-10135,2024-05-14,CUST-256,Consumer,South America,Brazil,PRD-09,Office Supplies,Ink Cartridge XL,6,45,40,270,240,30,Jan de Vries,Transfer,Completed
ORD-10136,2024-05-15,CUST-389,Small Business,Europe,France,PRD-01,Electronics,Laptop Pro 14,6,1200,900,7200,5400,1800,Liam Chen,Card,Returned
ORD-10137,2024-05-16,CUST-144,Corporate,North America,Canada,PRD-02,Electronics,Tablet Air 10,2,600,520,1200,1040,160,Wei Zhang,Transfer,Completed
ORD-10138,2024-05-17,CUST-198,Consumer,Asia-Pacific,Singapore,PRD-03,Furniture,Office Chair Deluxe,4,320,250,1280,1000,280,Omar Hassan,Card,Completed
ORD-10139,2024-05-18,CUST-501,Corporate,Europe,Netherlands,PRD-04,Furniture,Standing Desk Pro,5,850,700,4250,3500,750,Fahad Al Saud,Card,Returned
ORD-10140,2024-05-19,CUST-322,Small Business,Middle East,Saudi Arabia,PRD-05,Electronics,Wireless Monitor 27,6,450,380,2700,2280,420,Lucas Pereira,Card,Returned
ORD-10141,2024-05-20,CUST-201,Corporate,North America,United States,PRD-06,Office Supply,Wireless Mouse,6,25,18,150,108,42,Alex Morgan,Cash,Completed
ORD-10142,2024-05-21,CUST-305,Consumer,Europe,Germany,PRD-07,Office Supplies,Paper Ream A4,7,6,3,42,21,21,Daniel Smith,Card,Completed
ORD-10143,2024-05-22,CUST-178,Small Business,Asia-Pacific,Australia,PRD-08,Furniture,Conference Table,4,2200,2000,8800,8000,800,Sophie Klein,Transfer,Completed
ORD-10144,2024-05-23,CUST-412,Corporate,Middle East,United Arab Emirates,PRD-09,Office Supplies,Ink Cartridge XL,1,45,40,45,40,5,Marie Dubois,Cash,Completed
ORD-10145,2024-05-24,CUST-256,Consumer,South America,Brazil,PRD-01,Electronics,Laptop Pro 14,4,1200,900,4800,3600,1200,Jan de Vries,Transfer,Completed
ORD-10146,2024-05-25,CUST-389,Small Business,Europe,France,PRD-02,Electronics,Tablet Air 10,5,600,520,3000,2600,400,Liam Chen,Transfer,Pending
ORD-10147,2024-05-26,CUST-144,Corporate,North America,Canada,PRD-03,Furniture,Office Chair Deluxe,6,320,250,1920,1500,420,Wei Zhang,Cash,Completed
ORD-10148,2024-05-27,CUST-198,Consumer,Asia-Pacific,Singapore,PRD-04,Furniture,Standing Desk Pro,4,850,700,3400,2800,600,Omar Hassan,Card,Completed
ORD-10149,2024-05-28,CUST-501,Corporate,Europe,Netherlands,PRD-05,Electronics,Wireless Monitor 27,2,450,380,900,760,140,Fahad Al Saud,Transfer,Completed
ORD-10150,2024-05-29,CUST-322,Small Business,Middle East,Saudi Arabia,PRD-06,Office Supply,Wireless Mouse,7,25,18,175,126,49,Lucas Pereira,Transfer,Completed
ORD-10151,2024-05-30,CUST-201,Corporate,North America,United States,PRD-07,Office Supplies,Paper Ream A4,5,6,3,30,15,15,Alex Morgan,Card,Completed
ORD-10152,2024-05-31,CUST-305,Consumer,Europe,Germany,PRD-08,Furniture,Conference Table,5,2200,2000,11000,10000,1000,Daniel Smith,Cash,Pending
ORD-10153,2024-06-01,CUST-178,Small Business,Asia-Pacific,Australia,PRD-09,Office Supplies,Ink Cartridge XL,6,45,40,270,240,30,Sophie Klein,Card,Completed
ORD-10154,2024-06-02,CUST-412,Corporate,Middle East,United Arab Emirates,PRD-01,Electronics,Laptop Pro 14,4,1200,900,4800,3600,1200,Marie Dubois,Transfer,Completed
ORD-10155,2024-06-03,CUST-256,Consumer,South America,Brazil,PRD-02,Electronics,Tablet Air 10,5,600,520,3000,2600,400,Jan de Vries,Transfer,Completed
ORD-10156,2024-06-04,CUST-389,Small Business,Europe,France,PRD-03,Furniture,Office Chair Deluxe,5,320,250,1600,1250,350,Liam Chen,Transfer,Returned
ORD-10157,2024-06-05,CUST-144,Corporate,North America,Canada,PRD-04,Furniture,Standing Desk Pro,5,850,700,4250,3500,750,Wei Zhang,Cash,Completed
ORD-10158,2024-06-06,CUST-198,Consumer,Asia-Pacific,Singapore,PRD-05,Electronics,Wireless Monitor 27,6,450,380,2700,2280,420,Omar Hassan,Transfer,Returned
ORD-10159,2024-06-07,CUST-501,Corporate,Europe,Netherlands,PRD-06,Office Supply,Wireless Mouse,5,25,18,125,90,35,Fahad Al Saud,Transfer,Completed
ORD-10160,2024-06-08,CUST-322,Small Business,Middle East,Saudi Arabia,PRD-07,Office Supplies,Paper Ream A4,5,6,3,30,15,15,Lucas Pereira,Cash,Returned
ORD-10161,2024-06-09,CUST-201,Corporate,North America,United States,PRD-08,Furniture,Conference Table,1,2200,2000,2200,2000,200,Alex Morgan,Transfer,Pending
ORD-10162,2024-06-10,CUST-305,Consumer,Europe,Germany,PRD-09,Office Supplies,Ink Cartridge XL,7,45,40,315,280,35,Daniel Smith,Transfer,Completed
ORD-10163,2024-06-11,CUST-178,Small Business,Asia-Pacific,Australia,PRD-01,Electronics,Laptop Pro 14,6,1200,900,7200,5400,1800,Sophie Klein,Card,Returned
ORD-10164,2024-06-12,CUST-412,Corporate,Middle East,United Arab Emirates,PRD-02,Electronics,Tablet Air 10,2,600,520,1200,1040,160,Marie Dubois,Cash,Completed
ORD-10165,2024-06-13,CUST-256,Consumer,South America,Brazil,PRD-03,Furniture,Office Chair Deluxe,2,320,250,640,500,140,Jan de Vries,Cash,Completed
ORD-10166,2024-06-14,CUST-389,Small Business,Europe,France,PRD-04,Furniture,Standing Desk Pro,1,850,700,850,700,150,Liam Chen,Card,Pending
ORD-10167,2024-06-15,CUST-144,Corporate,North America,Canada,PRD-05,Electronics,Wireless Monitor 27,4,450,380,1800,1520,280,Wei Zhang,Cash,Completed
ORD-10168,2024-06-16,CUST-198,Consumer,Asia-Pacific,Singapore,PRD-06,Office Supply,Wireless Mouse,1,25,18,25,18,7,Omar Hassan,Cash,Returned
ORD-10169,2024-06-17,CUST-501,Corporate,Europe,Netherlands,PRD-07,Office Supplies,Paper Ream A4,4,6,3,24,12,12,Fahad Al Saud,Transfer,Completed
ORD-10170,2024-06-18,CUST-322,Small Business,Middle East,Saudi Arabia,PRD-08,Furniture,Conference Table,4,2200,2000,8800,8000,800,Lucas Pereira,Card,Completed
ORD-10171,2024-06-19,CUST-201,Corporate,North America,United States,PRD-09,Office Supplies,Ink Cartridge XL,5,45,40,225,200,25,Alex Morgan,Cash,Completed
ORD-10172,2024-06-20,CUST-305,Consumer,Europe,Germany,PRD-01,Electronics,Laptop Pro 14,5,1200,900,6000,4500,1500,Daniel Smith,Cash,Completed
ORD-10173,2024-06-21,CUST-178,Small Business,Asia-Pacific,Australia,PRD-02,Electronics,Tablet Air 10,1,600,520,600,520,80,Sophie Klein,Transfer,Completed
ORD-10174,2024-06-22,CUST-412,Corporate,Middle East,United Arab Emirates,PRD-03,Furniture,Office Chair Deluxe,4,320,250,1280,1000,280,Marie Dubois,Card,Pending
ORD-10175,2024-06-23,CUST-256,Consumer,South America,Brazil,PRD-04,Furniture,Standing Desk Pro,4,850,700,3400,2800,600,Jan de Vries,Cash,Completed
ORD-10176,2024-06-24,CUST-389,Small Business,Europe,France,PRD-05,Electronics,Wireless Monitor 27,5,450,380,2250,1900,350,Liam Chen,Cash,Completed
ORD-10177,2024-06-25,CUST-144,Corporate,North America,Canada,PRD-06,Office Supply,Wireless Mouse,3,25,18,75,54,21,Wei Zhang,Cash,Completed
ORD-10178,2024-06-26,CUST-198,Consumer,Asia-Pacific,Singapore,PRD-07,Office Supplies,Paper Ream A4,2,6,3,12,6,6,Omar Hassan,Card,Completed
ORD-10179,2024-06-27,CUST-501,Corporate,Europe,Netherlands,PRD-08,Furniture,Conference Table,2,2200,2000,4400,4000,400,Fahad Al Saud,Transfer,Completed
ORD-10180,2024-06-28,CUST-322,Small Business,Middle East,Saudi Arabia,PRD-09,Office Supplies,Ink Cartridge XL,3,45,40,135,120,15,Lucas Pereira,Card,Returned
ORD-10181,2024-06-29,CUST-201,Corporate,North America,United States,PRD-01,Electronics,Laptop Pro 14,2,1200,900,2400,1800,600,Alex Morgan,Card,Completed
ORD-10182,2024-06-30,CUST-305,Consumer,Europe,Germany,PRD-02,Electronics,Tablet Air 10,5,600,520,3000,2600,400,Daniel Smith,Cash,Pending
ORD-10183,2024-07-01,CUST-178,Small Business,Asia-Pacific,Australia,PRD-03,Furniture,Office Chair Deluxe,4,320,250,1280,1000,280,Sophie Klein,Card,Pending
ORD-10184,2024-07-02,CUST-412,Corporate,Middle East,United Arab Emirates,PRD-04,Furniture,Standing Desk Pro,5,850,700,4250,3500,750,Marie Dubois,Card,Returned
ORD-10185,2024-07-03,CUST-256,Consumer,South America,Brazil,PRD-05,Electronics,Wireless Monitor 27,2,450,380,900,760,140,Jan de Vries,Card,Completed
ORD-10186,2024-07-04,CUST-389,Small Business,Europe,France,PRD-06,Office Supply,Wireless Mouse,3,25,18,75,54,21,Liam Chen,Card,Completed
ORD-10187,2024-07-05,CUST-144,Corporate,North America,Canada,PRD-07,Office Supplies,Paper Ream A4,4,6,3,24,12,12,Wei Zhang,Transfer,Completed
ORD-10188,2024-07-06,CUST-198,Consumer,Asia-Pacific,Singapore,PRD-08,Furniture,Conference Table,7,2200,2000,15400,14000,1400,Omar Hassan,Cash,Pending
ORD-10189,2024-07-07,CUST-501,Corporate,Europe,Netherlands,PRD-09,Office Supplies,Ink Cartridge XL,4,45,40,180,160,20,Fahad Al Saud,Card,Pending
ORD-10190,2024-07-08,CUST-322,Small Business,Middle East,Saudi Arabia,PRD-01,Electronics,Laptop Pro 14,7,1200,900,8400,6300,2100,Lucas Pereira,Card,Completed
ORD-10191,2024-07-09,CUST-201,Corporate,North America,United States,PRD-02,Electronics,Tablet Air 10,1,600,520,600,520,80,Alex Morgan,Transfer,Completed
ORD-10192,2024-07-10,CUST-305,Consumer,Europe,Germany,PRD-03,Furniture,Office Chair Deluxe,1,320,250,320,250,70,Daniel Smith,Transfer,Returned
ORD-10193,2024-07-11,CUST-178,Small Business,Asia-Pacific,Australia,PRD-04,Furniture,Standing Desk Pro,1,850,700,850,700,150,Sophie Klein,Transfer,Pending
ORD-10194,2024-07-12,CUST-412,Corporate,Middle East,United Arab Emirates,PRD-05,Electronics,Wireless Monitor 27,3,450,380,1350,1140,210,Marie Dubois,Cash,Completed
ORD-10195,2024-07-13,CUST-256,Consumer,South America,Brazil,PRD-06,Office Supply,Wireless Mouse,4,25,18,100,72,28,Jan de Vries,Card,Completed
ORD-10196,2024-07-14,CUST-389,Small Business,Europe,France,PRD-07,Office Supplies,Paper Ream A4,3,6,3,18,9,9,Liam Chen,Card,Returned
ORD-10197,2024-07-15,CUST-144,Corporate,North America,Canada,PRD-08,Furniture,Conference Table,6,2200,2000,13200,12000,1200,Wei Zhang,Cash,Returned
ORD-10198,2024-07-16,CUST-198,Consumer,Asia-Pacific,Singapore,PRD-09,Office Supplies,Ink Cartridge XL,3,45,40,135,120,15,Omar Hassan,Transfer,Pending
ORD-10199,2024-07-17,CUST-501,Corporate,Europe,Netherlands,PRD-01,Electronics,Laptop Pro 14,5,1200,900,6000,4500,1500,Fahad Al Saud,Cash,Returned
ORD-10200,2024-07-18,CUST-322,Small Business,Middle East,Saudi Arabia,PRD-02,Electronics,Tablet Air 10,1,600,520,600,520,80,Lucas Pereira,Cash,Pending
ORD-10201,2024-07-19,CUST-201,Corporate,North America,United States,PRD-03,Furniture,Office Chair Deluxe,4,320,250,1280,1000,280,Alex Morgan,Card,Completed
ORD-10202,2024-07-20,CUST-305,Consumer,Europe,Germany,PRD-04,Furniture,Standing Desk Pro,7,850,700,5950,4900,1050,Daniel Smith,Card,Pending
ORD-10203,2024-07-21,CUST-178,Small Business,Asia-Pacific,Australia,PRD-05,Electronics,Wireless Monitor 27,2,450,380,900,760,140,Sophie Klein,Transfer,Completed
ORD-10204,2024-07-22,CUST-412,Corporate,Middle East,United Arab Emirates,PRD-06,Office Supply,Wireless Mouse,5,25,18,125,90,35,Marie Dubois,Cash,Pending
ORD-10205,2024-07-23,CUST-256,Consumer,South America,Brazil,PRD-07,Office Supplies,Paper Ream A4,3,6,3,18,9,9,Jan de Vries,Cash,Completed
ORD-10206,2024-07-24,CUST-389,Small Business,Europe,France,PRD-08,Furniture,Conference Table,7,2200,2000,15400,14000,1400,Liam Chen,Card,Completed
ORD-10207,2024-07-25,CUST-144,Corporate,North America,Canada,PRD-09,Office Supplies,Ink Cartridge XL,2,45,40,90,80,10,Wei Zhang,Card,Pending
ORD-10208,2024-07-26,CUST-198,Consumer,Asia-Pacific,Singapore,PRD-01,Electronics,Laptop Pro 14,6,1200,900,7200,5400,1800,Omar Hassan,Cash,Pending
ORD-10209,2024-07-27,CUST-501,Corporate,Europe,Netherlands,PRD-02,Electronics,Tablet Air 10,2,600,520,1200,1040,160,Fahad Al Saud,Card,Completed
ORD-10210,2024-07-28,CUST-322,Small Business,Middle East,Saudi Arabia,PRD-03,Furniture,Office Chair Deluxe,3,320,250,960,750,210,Lucas Pereira,Transfer,Completed
ORD-10211,2024-07-29,CUST-201,Corporate,North America,United States,PRD-04,Furniture,Standing Desk Pro,5,850,700,4250,3500,750,Alex Morgan,Card,Pending
ORD-10212,2024-07-30,CUST-305,Consumer,Europe,Germany,PRD-05,Electronics,Wireless Monitor 27,6,450,380,2700,2280,420,Daniel Smith,Cash,Pending
ORD-10213,2024-07-31,CUST-178,Small Business,Asia-Pacific,Australia,PRD-06,Office Supply,Wireless Mouse,1,25,18,25,18,7,Sophie Klein,Transfer,Returned
ORD-10214,2024-08-01,CUST-412,Corporate,Middle East,United Arab Emirates,PRD-07,Office Supplies,Paper Ream A4,1,6,3,6,3,3,Marie Dubois,Cash,Completed
ORD-10215,2024-08-02,CUST-256,Consumer,South America,Brazil,PRD-08,Furniture,Conference Table,5,2200,2000,11000,10000,1000,Jan de Vries,Transfer,Returned
ORD-10216,2024-08-03,CUST-389,Small Business,Europe,France,PRD-09,Office Supplies,Ink Cartridge XL,7,45,40,315,280,35,Liam Chen,Cash,Pending
ORD-10217,2024-08-04,CUST-144,Corporate,North America,Canada,PRD-01,Electronics,Laptop Pro 14,4,1200,900,4800,3600,1200,Wei Zhang,Transfer,Completed
ORD-10218,2024-08-05,CUST-198,Consumer,Asia-Pacific,Singapore,PRD-02,Electronics,Tablet Air 10,2,600,520,1200,1040,160,Omar Hassan,Transfer,Completed
ORD-10219,2024-08-06,CUST-501,Corporate,Europe,Netherlands,PRD-03,Furniture,Office Chair Deluxe,7,320,250,2240,1750,490,Fahad Al Saud,Transfer,Completed
ORD-10220,2024-08-07,CUST-322,Small Business,Middle East,Saudi Arabia,PRD-04,Furniture,Standing Desk Pro,5,850,700,4250,3500,750,Lucas Pereira,Card,Completed
ORD-10221,2024-08-08,CUST-201,Corporate,North America,United States,PRD-05,Electronics,Wireless Monitor 27,4,450,380,1800,1520,280,Alex Morgan,Transfer,Completed
ORD-10222,2024-08-09,CUST-305,Consumer,Europe,Germany,PRD-06,Office Supply,Wireless Mouse,4,25,18,100,72,28,Daniel Smith,Card,Completed
ORD-10223,2024-08-10,CUST-178,Small Business,Asia-Pacific,Australia,PRD-07,Office Supplies,Paper Ream A4,7,6,3,42,21,21,Sophie Klein,Card,Completed
ORD-10224,2024-08-11,CUST-412,Corporate,Middle East,United Arab Emirates,PRD-08,Furniture,Conference Table,5,2200,2000,11000,10000,1000,Marie Dubois,Transfer,Completed
ORD-10225,2024-08-12,CUST-256,Consumer,South America,Brazil,PRD-09,Office Supplies,Ink Cartridge XL,7,45,40,315,280,35,Jan de Vries,Card,Completed
ORD-10226,2024-08-13,CUST-389,Small Business,Europe,France,PRD-01,Electronics,Laptop Pro 14,1,1200,900,1200,900,300,Liam Chen,Transfer,Pending
ORD-10227,2024-08-14,CUST-144,Corporate,North America,Canada,PRD-02,Electronics,Tablet Air 10,6,600,520,3600,3120,480,Wei Zhang,Transfer,Returned
ORD-10228,2024-08-15,CUST-198,Consumer,Asia-Pacific,Singapore,PRD-03,Furniture,Office Chair Deluxe,5,320,250,1600,1250,350,Omar Hassan,Card,Pending
ORD-10229,2024-08-16,CUST-501,Corporate,Europe,Netherlands,PRD-04,Furniture,Standing Desk Pro,7,850,700,5950,4900,1050,Fahad Al Saud,Card,Pending
ORD-10230,2024-08-17,CUST-322,Small Business,Middle East,Saudi Arabia,PRD-05,Electronics,Wireless Monitor 27,3,450,380,1350,1140,210,Lucas Pereira,Card,Returned
ORD-10231,2024-08-18,CUST-201,Corporate,North America,United States,PRD-06,Office Supply,Wireless Mouse,3,25,18,75,54,21,Alex Morgan,Cash,Returned
ORD-10232,2024-08-19,CUST-305,Consumer,Europe,Germany,PRD-07,Office Supplies,Paper Ream A4,1,6,3,6,3,3,Daniel Smith,Transfer,Completed
ORD-10233,2024-08-20,CUST-178,Small Business,Asia-Pacific,Australia,PRD-08,Furniture,Conference Table,1,2200,2000,2200,2000,200,Sophie Klein,Transfer,Completed
ORD-10234,2024-08-21,CUST-412,Corporate,Middle East,United Arab Emirates,PRD-09,Office Supplies,Ink Cartridge XL,5,45,40,225,200,25,Marie Dubois,Transfer,Completed
ORD-10235,2024-08-22,CUST-256,Consumer,South America,Brazil,PRD-01,Electronics,Laptop Pro 14,7,1200,900,8400,6300,2100,Jan de Vries,Card,Completed
ORD-10236,2024-08-23,CUST-389,Small Business,Europe,France,PRD-02,Electronics,Tablet Air 10,4,600,520,2400,2080,320,Liam Chen,Transfer,Returned
ORD-10237,2024-08-24,CUST-144,Corporate,North America,Canada,PRD-03,Furniture,Office Chair Deluxe,4,320,250,1280,1000,280,Wei Zhang,Card,Completed
ORD-10238,2024-08-25,CUST-198,Consumer,Asia-Pacific,Singapore,PRD-04,Furniture,Standing Desk Pro,4,850,700,3400,2800,600,Omar Hassan,Transfer,Completed
ORD-10239,2024-08-26,CUST-501,Corporate,Europe,Netherlands,PRD-05,Electronics,Wireless Monitor 27,4,450,380,1800,1520,280,Fahad Al Saud,Transfer,Returned
ORD-10240,2024-08-27,CUST-322,Small Business,Middle East,Saudi Arabia,PRD-06,Office Supply,Wireless Mouse,4,25,18,100,72,28,Lucas Pereira,Card,Completed
ORD-10241,2024-08-28,CUST-201,Corporate,North America,United States,PRD-07,Office Supplies,Paper Ream A4,4,6,3,24,12,12,Alex Morgan,Cash,Completed
ORD-10242,2024-08-29,CUST-305,Consumer,Europe,Germany,PRD-08,Furniture,Conference Table,1,2200,2000,2200,2000,200,Daniel Smith,Card,Pending
ORD-10243,2024-08-30,CUST-178,Small Business,Asia-Pacific,Australia,PRD-09,Office Supplies,Ink Cartridge XL,4,45,40,180,160,20,Sophie Klein,Card,Returned
ORD-10244,2024-08-31,CUST-412,Corporate,Middle East,United Arab Emirates,PRD-01,Electronics,Laptop Pro 14,5,1200,900,6000,4500,1500,Marie Dubois,Card,Completed
ORD-10245,2024-09-01,CUST-256,Consumer,South America,Brazil,PRD-02,Electronics,Tablet Air 10,5,600,520,3000,2600,400,Jan de Vries,Transfer,Completed
ORD-10246,2024-09-02,CUST-389,Small Business,Europe,France,PRD-03,Furniture,Office Chair Deluxe,3,320,250,960,750,210,Liam Chen,Card,Completed
ORD-10247,2024-09-03,CUST-144,Corporate,North America,Canada,PRD-04,Furniture,Standing Desk Pro,2,850,700,1700,1400,300,Wei Zhang,Transfer,Completed
ORD-10248,2024-09-04,CUST-198,Consumer,Asia-Pacific,Singapore,PRD-05,Electronics,Wireless Monitor 27,3,450,380,1350,1140,210,Omar Hassan,Card,Pending
ORD-10249,2024-09-05,CUST-501,Corporate,Europe,Netherlands,PRD-06,Office Supply,Wireless Mouse,7,25,18,175,126,49,Fahad Al Saud,Card,Completed
ORD-10250,2024-09-06,CUST-322,Small Business,Middle East,Saudi Arabia,PRD-07,Office Supplies,Paper Ream A4,2,6,3,12,6,6,Lucas Pereira,Cash,Completed
ORD-10251,2024-09-07,CUST-201,Corporate,North America,United States,PRD-08,Furniture,Conference Table,3,2200,2000,6600,6000,600,Alex Morgan,Card,Completed
ORD-10252,2024-09-08,CUST-305,Consumer,Europe,Germany,PRD-09,Office Supplies,Ink Cartridge XL,7,45,40,315,280,35,Daniel Smith,Card,Completed
ORD-10253,2024-09-09,CUST-178,Small Business,Asia-Pacific,Australia,PRD-01,Electronics,Laptop Pro 14,3,1200,900,3600,2700,900,Sophie Klein,Card,Pending
ORD-10254,2024-09-10,CUST-412,Corporate,Middle East,United Arab Emirates,PRD-02,Electronics,Tablet Air 10,1,600,520,600,520,80,Marie Dubois,Transfer,Completed
ORD-10255,2024-09-11,CUST-256,Consumer,South America,Brazil,PRD-03,Furniture,Office Chair Deluxe,3,320,250,960,750,210,Jan de Vries,Cash,Completed
ORD-10256,2024-09-12,CUST-389,Small Business,Europe,France,PRD-04,Furniture,Standing Desk Pro,5,850,700,4250,3500,750,Liam Chen,Cash,Returned
ORD-10257,2024-09-13,CUST-144,Corporate,North America,Canada,PRD-05,Electronics,Wireless Monitor 27,1,450,380,450,380,70,Wei Zhang,Card,Pending
ORD-10258,2024-09-14,CUST-198,Consumer,Asia-Pacific,Singapore,PRD-06,Office Supply,Wireless Mouse,6,25,18,150,108,42,Omar Hassan,Cash,Pending
ORD-10259,2024-09-15,CUST-501,Corporate,Europe,Netherlands,PRD-07,Office Supplies,Paper Ream A4,7,6,3,42,21,21,Fahad Al Saud,Card,Pending
ORD-10260,2024-09-16,CUST-322,Small Business,Middle East,Saudi Arabia,PRD-08,Furniture,Conference Table,5,2200,2000,11000,10000,1000,Lucas Pereira,Transfer,Completed
ORD-10261,2024-09-17,CUST-201,Corporate,North America,United States,PRD-09,Office Supplies,Ink Cartridge XL,3,45,40,135,120,15,Alex Morgan,Card,Pending
ORD-10262,2024-09-18,CUST-305,Consumer,Europe,Germany,PRD-01,Electronics,Laptop Pro 14,6,1200,900,7200,5400,1800,Daniel Smith,Card,Completed
ORD-10263,2024-09-19,CUST-178,Small Business,Asia-Pacific,Australia,PRD-02,Electronics,Tablet Air 10,3,600,520,1800,1560,240,Sophie Klein,Card,Pending
ORD-10264,2024-09-20,CUST-412,Corporate,Middle East,United Arab Emirates,PRD-03,Furniture,Office Chair Deluxe,4,320,250,1280,1000,280,Marie Dubois,Transfer,Completed
ORD-10265,2024-09-21,CUST-256,Consumer,South America,Brazil,PRD-04,Furniture,Standing Desk Pro,1,850,700,850,700,150,Jan de Vries,Transfer,Returned
ORD-10266,2024-09-22,CUST-389,Small Business,Europe,France,PRD-05,Electronics,Wireless Monitor 27,7,450,380,3150,2660,490,Liam Chen,Cash,Completed
ORD-10267,2024-09-23,CUST-144,Corporate,North America,Canada,PRD-06,Office Supply,Wireless Mouse,2,25,18,50,36,14,Wei Zhang,Transfer,Completed
ORD-10268,2024-09-24,CUST-198,Consumer,Asia-Pacific,Singapore,PRD-07,Office Supplies,Paper Ream A4,3,6,3,18,9,9,Omar Hassan,Transfer,Returned
ORD-10269,2024-09-25,CUST-501,Corporate,Europe,Netherlands,PRD-08,Furniture,Conference Table,1,2200,2000,2200,2000,200,Fahad Al Saud,Transfer,Returned
ORD-10270,2024-09-26,CUST-322,Small Business,Middle East,Saudi Arabia,PRD-09,Office Supplies,Ink Cartridge XL,5,45,40,225,200,25,Lucas Pereira,Transfer,Completed
ORD-10271,2024-09-27,CUST-201,Corporate,North America,United States,PRD-01,Electronics,Laptop Pro 14,1,1200,900,1200,900,300,Alex Morgan,Card,Pending
ORD-10272,2024-09-28,CUST-305,Consumer,Europe,Germany,PRD-02,Electronics,Tablet Air 10,5,600,520,3000,2600,400,Daniel Smith,Transfer,Completed
ORD-10273,2024-09-29,CUST-178,Small Business,Asia-Pacific,Australia,PRD-03,Furniture,Office Chair Deluxe,3,320,250,960,750,210,Sophie Klein,Cash,Returned
ORD-10274,2024-09-30,CUST-412,Corporate,Middle East,United Arab Emirates,PRD-04,Furniture,Standing Desk Pro,2,850,700,1700,1400,300,Marie Dubois,Transfer,Completed
ORD-10275,2024-10-01,CUST-256,Consumer,South America,Brazil,PRD-05,Electronics,Wireless Monitor 27,2,450,380,900,760,140,Jan de Vries,Transfer,Completed
ORD-10276,2024-10-02,CUST-389,Small Business,Europe,France,PRD-06,Office Supply,Wireless Mouse,3,25,18,75,54,21,Liam Chen,Cash,Completed
ORD-10277,2024-10-03,CUST-144,Corporate,North America,Canada,PRD-07,Office Supplies,Paper Ream A4,4,6,3,24,12,12,Wei Zhang,Card,Completed
ORD-10278,2024-10-04,CUST-198,Consumer,Asia-Pacific,Singapore,PRD-08,Furniture,Conference Table,7,2200,2000,15400,14000,1400,Omar Hassan,Transfer,Completed
ORD-10279,2024-10-05,CUST-501,Corporate,Europe,Netherlands,PRD-09,Office Supplies,Ink Cartridge XL,3,45,40,135,120,15,Fahad Al Saud,Card,Pending
ORD-10280,2024-10-06,CUST-322,Small Business,Middle East,Saudi Arabia,PRD-01,Electronics,Laptop Pro 14,5,1200,900,6000,4500,1500,Lucas Pereira,Transfer,Completed
ORD-10281,2024-10-07,CUST-201,Corporate,North America,United States,PRD-02,Electronics,Tablet Air 10,2,600,520,1200,1040,160,Alex Morgan,Card,Returned
ORD-10282,2024-10-08,CUST-305,Consumer,Europe,Germany,PRD-03,Furniture,Office Chair Deluxe,4,320,250,1280,1000,280,Daniel Smith,Card,Completed
ORD-10283,2024-10-09,CUST-178,Small Business,Asia-Pacific,Australia,PRD-04,Furniture,Standing Desk Pro,6,850,700,5100,4200,900,Sophie Klein,Card,Completed
ORD-10284,2024-10-10,CUST-412,Corporate,Middle East,United Arab Emirates,PRD-05,Electronics,Wireless Monitor 27,5,450,380,2250,1900,350,Marie Dubois,Transfer,Completed
ORD-10285,2024-10-11,CUST-256,Consumer,South America,Brazil,PRD-06,Office Supply,Wireless Mouse,3,25,18,75,54,21,Jan de Vries,Cash,Completed
ORD-10286,2024-10-12,CUST-389,Small Business,Europe,France,PRD-07,Office Supplies,Paper Ream A4,7,6,3,42,21,21,Liam Chen,Card,Completed
ORD-10287,2024-10-13,CUST-144,Corporate,North America,Canada,PRD-08,Furniture,Conference Table,6,2200,2000,13200,12000,1200,Wei Zhang,Card,Completed
ORD-10288,2024-10-14,CUST-198,Consumer,Asia-Pacific,Singapore,PRD-09,Office Supplies,Ink Cartridge XL,3,45,40,135,120,15,Omar Hassan,Cash,Pending
ORD-10289,2024-10-15,CUST-501,Corporate,Europe,Netherlands,PRD-01,Electronics,Laptop Pro 14,2,1200,900,2400,1800,600,Fahad Al Saud,Card,Completed
ORD-10290,2024-10-16,CUST-322,Small Business,Middle East,Saudi Arabia,PRD-02,Electronics,Tablet Air 10,3,600,520,1800,1560,240,Lucas Pereira,Cash,Pending
ORD-10291,2024-10-17,CUST-201,Corporate,North America,United States,PRD-03,Furniture,Office Chair Deluxe,5,320,250,1600,1250,350,Alex Morgan,Transfer,Returned
ORD-10292,2024-10-18,CUST-305,Consumer,Europe,Germany,PRD-04,Furniture,Standing Desk Pro,2,850,700,1700,1400,300,Daniel Smith,Card,Pending
ORD-10293,2024-10-19,CUST-178,Small Business,Asia-Pacific,Australia,PRD-05,Electronics,Wireless Monitor 27,6,450,380,2700,2280,420,Sophie Klein,Card,Pending
ORD-10294,2024-10-20,CUST-412,Corporate,Middle East,United Arab Emirates,PRD-06,Office Supply,Wireless Mouse,1,25,18,25,18,7,Marie Dubois,Transfer,Completed
ORD-10295,2024-10-21,CUST-256,Consumer,South America,Brazil,PRD-07,Office Supplies,Paper Ream A4,1,6,3,6,3,3,Jan de Vries,Transfer,Completed
ORD-10296,2024-10-22,CUST-389,Small Business,Europe,France,PRD-08,Furniture,Conference Table,5,2200,2000,11000,10000,1000,Liam Chen,Cash,Completed
ORD-10297,2024-10-23,CUST-144,Corporate,North America,Canada,PRD-09,Office Supplies,Ink Cartridge XL,2,45,40,90,80,10,Wei Zhang,Card,Completed
ORD-10298,2024-10-24,CUST-198,Consumer,Asia-Pacific,Singapore,PRD-01,Electronics,Laptop Pro 14,6,1200,900,7200,5400,1800,Omar Hassan,Cash,Completed
ORD-10299,2024-10-25,CUST-501,Corporate,Europe,Netherlands,PRD-02,Electronics,Tablet Air 10,7,600,520,4200,3640,560,Fahad Al Saud,Card,Completed
ORD-10300,2024-10-26,CUST-322,Small Business,Middle East,Saudi Arabia,PRD-03,Furniture,Office Chair Deluxe,2,320,250,640,500,140,Lucas Pereira,Card,Completed
ORD-10301,2024-10-27,CUST-201,Corporate,North America,United States,PRD-04,Furniture,Standing Desk Pro,3,850,700,2550,2100,450,Alex Morgan,Card,Returned
ORD-10302,2024-10-28,CUST-305,Consumer,Europe,Germany,PRD-05,Electronics,Wireless Monitor 27,7,450,380,3150,2660,490,Daniel Smith,Cash,Completed
ORD-10303,2024-10-29,CUST-178,Small Business,Asia-Pacific,Australia,PRD-06,Office Supply,Wireless Mouse,4,25,18,100,72,28,Sophie Klein,Cash,Completed
ORD-10304,2024-10-30,CUST-412,Corporate,Middle East,United Arab Emirates,PRD-07,Office Supplies,Paper Ream A4,5,6,3,30,15,15,Marie Dubois,Transfer,Completed
ORD-10305,2024-10-31,CUST-256,Consumer,South America,Brazil,PRD-08,Furniture,Conference Table,3,2200,2000,6600,6000,600,Jan de Vries,Cash,Completed
ORD-10306,2024-11-01,CUST-389,Small Business,Europe,France,PRD-09,Office Supplies,Ink Cartridge XL,7,45,40,315,280,35,Liam Chen,Cash,Completed
ORD-10307,2024-11-02,CUST-144,Corporate,North America,Canada,PRD-01,Electronics,Laptop Pro 14,7,1200,900,8400,6300,2100,Wei Zhang,Card,Completed
ORD-10308,2024-11-03,CUST-198,Consumer,Asia-Pacific,Singapore,PRD-02,Electronics,Tablet Air 10,2,600,520,1200,1040,160,Omar Hassan,Transfer,Completed
ORD-10309,2024-11-04,CUST-501,Corporate,Europe,Netherlands,PRD-03,Furniture,Office Chair Deluxe,3,320,250,960,750,210,Fahad Al Saud,Cash,Completed
ORD-10310,2024-11-05,CUST-322,Small Business,Middle East,Saudi Arabia,PRD-04,Furniture,Standing Desk Pro,7,850,700,5950,4900,1050,Lucas Pereira,Card,Returned
ORD-10311,2024-11-06,CUST-201,Corporate,North America,United States,PRD-05,Electronics,Wireless Monitor 27,2,450,380,900,760,140,Alex Morgan,Cash,Completed
ORD-10312,2024-11-07,CUST-305,Consumer,Europe,Germany,PRD-06,Office Supply,Wireless Mouse,1,25,18,25,18,7,Daniel Smith,Cash,Completed
ORD-10313,2024-11-08,CUST-178,Small Business,Asia-Pacific,Australia,PRD-07,Office Supplies,Paper Ream A4,6,6,3,36,18,18,Sophie Klein,Card,Completed
ORD-10314,2024-11-09,CUST-412,Corporate,Middle East,United Arab Emirates,PRD-08,Furniture,Conference Table,5,2200,2000,11000,10000,1000,Marie Dubois,Card,Returned
ORD-10315,2024-11-10,CUST-256,Consumer,South America,Brazil,PRD-09,Office Supplies,Ink Cartridge XL,2,45,40,90,80,10,Jan de Vries,Cash,Completed
ORD-10316,2024-11-11,CUST-389,Small Business,Europe,France,PRD-01,Electronics,Laptop Pro 14,5,1200,900,6000,4500,1500,Liam Chen,Transfer,Returned
ORD-10317,2024-11-12,CUST-144,Corporate,North America,Canada,PRD-02,Electronics,Tablet Air 10,7,600,520,4200,3640,560,Wei Zhang,Transfer,Completed
ORD-10318,2024-11-13,CUST-198,Consumer,Asia-Pacific,Singapore,PRD-03,Furniture,Office Chair Deluxe,7,320,250,2240,1750,490,Omar Hassan,Card,Returned
ORD-10319,2024-11-14,CUST-501,Corporate,Europe,Netherlands,PRD-04,Furniture,Standing Desk Pro,3,850,700,2550,2100,450,Fahad Al Saud,Transfer,Completed
ORD-10320,2024-11-15,CUST-322,Small Business,Middle East,Saudi Arabia,PRD-05,Electronics,Wireless Monitor 27,5,450,380,2250,1900,350,Lucas Pereira,Transfer,Returned
ORD-10321,2024-11-16,CUST-201,Corporate,North America,United States,PRD-06,Office Supply,Wireless Mouse,2,25,18,50,36,14,Alex Morgan,Transfer,Completed
ORD-10322,2024-11-17,CUST-305,Consumer,Europe,Germany,PRD-07,Office Supplies,Paper Ream A4,3,6,3,18,9,9,Daniel Smith,Card,Pending
ORD-10323,2024-11-18,CUST-178,Small Business,Asia-Pacific,Australia,PRD-08,Furniture,Conference Table,1,2200,2000,2200,2000,200,Sophie Klein,Card,Pending
ORD-10324,2024-11-19,CUST-412,Corporate,Middle East,United Arab Emirates,PRD-09,Office Supplies,Ink Cartridge XL,6,45,40,270,240,30,Marie Dubois,Card,Returned
ORD-10325,2024-11-20,CUST-256,Consumer,South America,Brazil,PRD-01,Electronics,Laptop Pro 14,6,1200,900,7200,5400,1800,Jan de Vries,Cash,Completed
ORD-10326,2024-11-21,CUST-389,Small Business,Europe,France,PRD-02,Electronics,Tablet Air 10,7,600,520,4200,3640,560,Liam Chen,Cash,Completed
ORD-10327,2024-11-22,CUST-144,Corporate,North America,Canada,PRD-03,Furniture,Office Chair Deluxe,7,320,250,2240,1750,490,Wei Zhang,Card,Returned
ORD-10328,2024-11-23,CUST-198,Consumer,Asia-Pacific,Singapore,PRD-04,Furniture,Standing Desk Pro,7,850,700,5950,4900,1050,Omar Hassan,Transfer,Completed
ORD-10329,2024-11-24,CUST-501,Corporate,Europe,Netherlands,PRD-05,Electronics,Wireless Monitor 27,4,450,380,1800,1520,280,Fahad Al Saud,Cash,Returned
ORD-10330,2024-11-25,CUST-322,Small Business,Middle East,Saudi Arabia,PRD-06,Office Supply,Wireless Mouse,7,25,18,175,126,49,Lucas Pereira,Transfer,Completed
ORD-10331,2024-11-26,CUST-201,Corporate,North America,United States,PRD-07,Office Supplies,Paper Ream A4,6,6,3,36,18,18,Alex Morgan,Transfer,Completed
ORD-10332,2024-11-27,CUST-305,Consumer,Europe,Germany,PRD-08,Furniture,Conference Table,6,2200,2000,13200,12000,1200,Daniel Smith,Card,Completed
ORD-10333,2024-11-28,CUST-178,Small Business,Asia-Pacific,Australia,PRD-09,Office Supplies,Ink Cartridge XL,7,45,40,315,280,35,Sophie Klein,Cash,Completed
ORD-10334,2024-11-29,CUST-412,Corporate,Middle East,United Arab Emirates,PRD-01,Electronics,Laptop Pro 14,3,1200,900,3600,2700,900,Marie Dubois,Card,Returned
ORD-10335,2024-11-30,CUST-256,Consumer,South America,Brazil,PRD-02,Electronics,Tablet Air 10,5,600,520,3000,2600,400,Jan de Vries,Transfer,Completed
ORD-10336,2024-12-01,CUST-389,Small Business,Europe,France,PRD-03,Furniture,Office Chair Deluxe,6,320,250,1920,1500,420,Liam Chen,Cash,Returned
ORD-10337,2024-12-02,CUST-144,Corporate,North America,Canada,PRD-04,Furniture,Standing Desk Pro,1,850,700,850,700,150,Wei Zhang,Card,Returned
ORD-10338,2024-12-03,CUST-198,Consumer,Asia-Pacific,Singapore,PRD-05,Electronics,Wireless Monitor 27,7,450,380,3150,2660,490,Omar Hassan,Card,Completed
ORD-10339,2024-12-04,CUST-501,Corporate,Europe,Netherlands,PRD-06,Office Supply,Wireless Mouse,6,25,18,150,108,42,Fahad Al Saud,Transfer,Pending
ORD-10340,2024-12-05,CUST-322,Small Business,Middle East,Saudi Arabia,PRD-07,Office Supplies,Paper Ream A4,6,6,3,36,18,18,Lucas Pereira,Cash,Returned
ORD-10341,2024-12-06,CUST-201,Corporate,North America,United States,PRD-08,Furniture,Conference Table,5,2200,2000,11000,10000,1000,Alex Morgan,Cash,Completed
ORD-10342,2024-12-07,CUST-305,Consumer,Europe,Germany,PRD-09,Office Supplies,Ink Cartridge XL,1,45,40,45,40,5,Daniel Smith,Transfer,Completed
ORD-10343,2024-12-08,CUST-178,Small Business,Asia-Pacific,Australia,PRD-01,Electronics,Laptop Pro 14,2,1200,900,2400,1800,600,Sophie Klein,Card,Completed
ORD-10344,2024-12-09,CUST-412,Corporate,Middle East,United Arab Emirates,PRD-02,Electronics,Tablet Air 10,4,600,520,2400,2080,320,Marie Dubois,Transfer,Pending
ORD-10345,2024-12-10,CUST-256,Consumer,South America,Brazil,PRD-03,Furniture,Office Chair Deluxe,2,320,250,640,500,140,Jan de Vries,Card,Pending
ORD-10346,2024-12-11,CUST-389,Small Business,Europe,France,PRD-04,Furniture,Standing Desk Pro,1,850,700,850,700,150,Liam Chen,Card,Completed
ORD-10347,2024-12-12,CUST-144,Corporate,North America,Canada,PRD-05,Electronics,Wireless Monitor 27,3,450,380,1350,1140,210,Wei Zhang,Cash,Completed
ORD-10348,2024-12-13,CUST-198,Consumer,Asia-Pacific,Singapore,PRD-06,Office Supply,Wireless Mouse,6,25,18,150,108,42,Omar Hassan,Cash,Completed
ORD-10349,2024-12-14,CUST-501,Corporate,Europe,Netherlands,PRD-07,Office Supplies,Paper Ream A4,5,6,3,30,15,15,Fahad Al Saud,Transfer,Returned
ORD-10350,2024-12-15,CUST-322,Small Business,Middle East,Saudi Arabia,PRD-08,Furniture,Conference Table,4,2200,2000,8800,8000,800,Lucas Pereira,Transfer,Pending
ORD-10351,2024-12-16,CUST-201,Corporate,North America,United States,PRD-09,Office Supplies,Ink Cartridge XL,3,45,40,135,120,15,Alex Morgan,Card,Completed
ORD-10352,2024-12-17,CUST-305,Consumer,Europe,Germany,PRD-01,Electronics,Laptop Pro 14,4,1200,900,4800,3600,1200,Daniel Smith,Cash,Completed
ORD-10353,2024-12-18,CUST-178,Small Business,Asia-Pacific,Australia,PRD-02,Electronics,Tablet Air 10,1,600,520,600,520,80,Sophie Klein,Transfer,Returned
ORD-10354,2024-12-19,CUST-412,Corporate,Middle East,United Arab Emirates,PRD-03,Furniture,Office Chair Deluxe,5,320,250,1600,1250,350,Marie Dubois,Cash,Completed
ORD-10355,2024-12-20,CUST-256,Consumer,South America,Brazil,PRD-04,Furniture,Standing Desk Pro,5,850,700,4250,3500,750,Jan de Vries,Transfer,Returned
ORD-10356,2024-12-21,CUST-389,Small Business,Europe,France,PRD-05,Electronics,Wireless Monitor 27,6,450,380,2700,2280,420,Liam Chen,Cash,Pending
ORD-10357,2024-12-22,CUST-144,Corporate,North America,Canada,PRD-06,Office Supply,Wireless Mouse,5,25,18,125,90,35,Wei Zhang,Card,Completed
ORD-10358,2024-12-23,CUST-198,Consumer,Asia-Pacific,Singapore,PRD-07,Office Supplies,Paper Ream A4,3,6,3,18,9,9,Omar Hassan,Transfer,Completed
ORD-10359,2024-12-24,CUST-501,Corporate,Europe,Netherlands,PRD-08,Furniture,Conference Table,6,2200,2000,13200,12000,1200,Fahad Al Saud,Card,Pending
ORD-10360,2024-12-25,CUST-322,Small Business,Middle East,Saudi Arabia,PRD-09,Office Supplies,Ink Cartridge XL,2,45,40,90,80,10,Lucas Pereira,Card,Completed
ORD-10361,2024-12-26,CUST-201,Corporate,North America,United States,PRD-01,Electronics,Laptop Pro 14,7,1200,900,8400,6300,2100,Alex Morgan,Transfer,Completed
ORD-10362,2024-12-27,CUST-305,Consumer,Europe,Germany,PRD-02,Electronics,Tablet Air 10,5,600,520,3000,2600,400,Daniel Smith,Transfer,Completed
ORD-10363,2024-12-28,CUST-178,Small Business,Asia-Pacific,Australia,PRD-03,Furniture,Office Chair Deluxe,7,320,250,2240,1750,490,Sophie Klein,Cash,Completed
ORD-10364,2024-12-29,CUST-412,Corporate,Middle East,United Arab Emirates,PRD-04,Furniture,Standing Desk Pro,1,850,700,850,700,150,Marie Dubois,Card,Completed
ORD-10365,2024-12-30,CUST-256,Consumer,South America,Brazil,PRD-05,Electronics,Wireless Monitor 27,7,450,380,3150,2660,490,Jan de Vries,Cash,Completed
ORD-10366,2024-01-01,CUST-389,Small Business,Europe,France,PRD-06,Office Supply,Wireless Mouse,6,25,18,150,108,42,Liam Chen,Card,Completed
ORD-10367,2024-01-02,CUST-144,Corporate,North America,Canada,PRD-07,Office Supplies,Paper Ream A4,7,6,3,42,21,21,Wei Zhang,Cash,Completed
ORD-10368,2024-01-03,CUST-198,Consumer,Asia-Pacific,Singapore,PRD-08,Furniture,Conference Table,7,2200,2000,15400,14000,1400,Omar Hassan,Cash,Completed
ORD-10369,2024-01-04,CUST-501,Corporate,Europe,Netherlands,PRD-09,Office Supplies,Ink Cartridge XL,4,45,40,180,160,20,Fahad Al Saud,Cash,Pending
ORD-10370,2024-01-05,CUST-322,Small Business,Middle East,Saudi Arabia,PRD-01,Electronics,Laptop Pro 14,1,1200,900,1200,900,300,Lucas Pereira,Transfer,Completed
ORD-10371,2024-01-06,CUST-201,Corporate,North America,United States,PRD-02,Electronics,Tablet Air 10,4,600,520,2400,2080,320,Alex Morgan,Card,Completed
ORD-10372,2024-01-07,CUST-305,Consumer,Europe,Germany,PRD-03,Furniture,Office Chair Deluxe,1,320,250,320,250,70,Daniel Smith,Card,Pending
ORD-10373,2024-01-08,CUST-178,Small Business,Asia-Pacific,Australia,PRD-04,Furniture,Standing Desk Pro,3,850,700,2550,2100,450,Sophie Klein,Cash,Completed
ORD-10374,2024-01-09,CUST-412,Corporate,Middle East,United Arab Emirates,PRD-05,Electronics,Wireless Monitor 27,6,450,380,2700,2280,420,Marie Dubois,Transfer,Completed
ORD-10375,2024-01-10,CUST-256,Consumer,South America,Brazil,PRD-06,Office Supply,Wireless Mouse,2,25,18,50,36,14,Jan de Vries,Card,Completed
ORD-10376,2024-01-11,CUST-389,Small Business,Europe,France,PRD-07,Office Supplies,Paper Ream A4,2,6,3,12,6,6,Liam Chen,Card,Pending
ORD-10377,2024-01-12,CUST-144,Corporate,North America,Canada,PRD-08,Furniture,Conference Table,7,2200,2000,15400,14000,1400,Wei Zhang,Cash,Returned
ORD-10378,2024-01-13,CUST-198,Consumer,Asia-Pacific,Singapore,PRD-09,Office Supplies,Ink Cartridge XL,5,45,40,225,200,25,Omar Hassan,Cash,Pending
ORD-10379,2024-01-14,CUST-501,Corporate,Europe,Netherlands,PRD-01,Electronics,Laptop Pro 14,5,1200,900,6000,4500,1500,Fahad Al Saud,Card,Returned
ORD-10380,2024-01-15,CUST-322,Small Business,Middle East,Saudi Arabia,PRD-02,Electronics,Tablet Air 10,4,600,520,2400,2080,320,Lucas Pereira,Card,Completed
ORD-10381,2024-01-16,CUST-201,Corporate,North America,United States,PRD-03,Furniture,Office Chair Deluxe,3,320,250,960,750,210,Alex Morgan,Cash,Completed
ORD-10382,2024-01-17,CUST-305,Consumer,Europe,Germany,PRD-04,Furniture,Standing Desk Pro,3,850,700,2550,2100,450,Daniel Smith,Transfer,Completed
ORD-10383,2024-01-18,CUST-178,Small Business,Asia-Pacific,Australia,PRD-05,Electronics,Wireless Monitor 27,3,450,380,1350,1140,210,Sophie Klein,Card,Returned
ORD-10384,2024-01-19,CUST-412,Corporate,Middle East,United Arab Emirates,PRD-06,Office Supply,Wireless Mouse,3,25,18,75,54,21,Marie Dubois,Transfer,Completed
ORD-10385,2024-01-20,CUST-256,Consumer,South America,Brazil,PRD-07,Office Supplies,Paper Ream A4,6,6,3,36,18,18,Jan de Vries,Transfer,Completed
ORD-10386,2024-01-21,CUST-389,Small Business,Europe,France,PRD-08,Furniture,Conference Table,6,2200,2000,13200,12000,1200,Liam Chen,Cash,Returned
ORD-10387,2024-01-22,CUST-144,Corporate,North America,Canada,PRD-09,Office Supplies,Ink Cartridge XL,2,45,40,90,80,10,Wei Zhang,Card,Completed
ORD-10388,2024-01-23,CUST-198,Consumer,Asia-Pacific,Singapore,PRD-01,Electronics,Laptop Pro 14,1,1200,900,1200,900,300,Omar Hassan,Card,Returned
ORD-10389,2024-01-24,CUST-501,Corporate,Europe,Netherlands,PRD-02,Electronics,Tablet Air 10,3,600,520,1800,1560,240,Fahad Al Saud,Card,Pending
ORD-10390,2024-01-25,CUST-322,Small Business,Middle East,Saudi Arabia,PRD-03,Furniture,Office Chair Deluxe,7,320,250,2240,1750,490,Lucas Pereira,Transfer,Completed
ORD-10391,2024-01-26,CUST-201,Corporate,North America,United States,PRD-04,Furniture,Standing Desk Pro,4,850,700,3400,2800,600,Alex Morgan,Cash,Completed
ORD-10392,2024-01-27,CUST-305,Consumer,Europe,Germany,PRD-05,Electronics,Wireless Monitor 27,1,450,380,450,380,70,Daniel Smith,Transfer,Completed
ORD-10393,2024-01-28,CUST-178,Small Business,Asia-Pacific,Australia,PRD-06,Office Supply,Wireless Mouse,5,25,18,125,90,35,Sophie Klein,Transfer,Completed
ORD-10394,2024-01-29,CUST-412,Corporate,Middle East,United Arab Emirates,PRD-07,Office Supplies,Paper Ream A4,6,6,3,36,18,18,Marie Dubois,Cash,Completed
ORD-10395,2024-01-30,CUST-256,Consumer,South America,Brazil,PRD-08,Furniture,Conference Table,6,2200,2000,13200,12000,1200,Jan de Vries,Card,Pending
ORD-10396,2024-01-31,CUST-389,Small Business,Europe,France,PRD-09,Office Supplies,Ink Cartridge XL,2,45,40,90,80,10,Liam Chen,Transfer,Returned
ORD-10397,2024-02-01,CUST-144,Corporate,North America,Canada,PRD-01,Electronics,Laptop Pro 14,6,1200,900,7200,5400,1800,Wei Zhang,Cash,Completed
ORD-10398,2024-02-02,CUST-198,Consumer,Asia-Pacific,Singapore,PRD-02,Electronics,Tablet Air 10,1,600,520,600,520,80,Omar Hassan,Cash,Completed
ORD-10399,2024-02-03,CUST-501,Corporate,Europe,Netherlands,PRD-03,Furniture,Office Chair Deluxe,7,320,250,2240,1750,490,Fahad Al Saud,Card,Completed
ORD-10400,2024-02-04,CUST-322,Small Business,Middle East,Saudi Arabia,PRD-04,Furniture,Standing Desk Pro,5,850,700,4250,3500,750,Lucas Pereira,Card,Completed
ORD-10401,2024-02-05,CUST-201,Corporate,North America,United States,PRD-05,Electronics,Wireless Monitor 27,4,450,380,1800,1520,280,Alex Morgan,Card,Pending
ORD-10402,2024-02-06,CUST-305,Consumer,Europe,Germany,PRD-06,Office Supply,Wireless Mouse,2,25,18,50,36,14,Daniel Smith,Card,Completed
ORD-10403,2024-02-07,CUST-178,Small Business,Asia-Pacific,Australia,PRD-07,Office Supplies,Paper Ream A4,7,6,3,42,21,21,Sophie Klein,Card,Completed
ORD-10404,2024-02-08,CUST-412,Corporate,Middle East,United Arab Emirates,PRD-08,Furniture,Conference Table,3,2200,2000,6600,6000,600,Marie Dubois,Transfer,Completed
ORD-10405,2024-02-09,CUST-256,Consumer,South America,Brazil,PRD-09,Office Supplies,Ink Cartridge XL,7,45,40,315,280,35,Jan de Vries,Transfer,Completed
ORD-10406,2024-02-10,CUST-389,Small Business,Europe,France,PRD-01,Electronics,Laptop Pro 14,2,1200,900,2400,1800,600,Liam Chen,Cash,Completed
ORD-10407,2024-02-11,CUST-144,Corporate,North America,Canada,PRD-02,Electronics,Tablet Air 10,3,600,520,1800,1560,240,Wei Zhang,Cash,Returned
ORD-10408,2024-02-12,CUST-198,Consumer,Asia-Pacific,Singapore,PRD-03,Furniture,Office Chair Deluxe,3,320,250,960,750,210,Omar Hassan,Cash,Completed
ORD-10409,2024-02-13,CUST-501,Corporate,Europe,Netherlands,PRD-04,Furniture,Standing Desk Pro,7,850,700,5950,4900,1050,Fahad Al Saud,Transfer,Pending
ORD-10410,2024-02-14,CUST-322,Small Business,Middle East,Saudi Arabia,PRD-05,Electronics,Wireless Monitor 27,1,450,380,450,380,70,Lucas Pereira,Card,Pending
ORD-10411,2024-02-15,CUST-201,Corporate,North America,United States,PRD-06,Office Supply,Wireless Mouse,7,25,18,175,126,49,Alex Morgan,Cash,Completed
ORD-10412,2024-02-16,CUST-305,Consumer,Europe,Germany,PRD-07,Office Supplies,Paper Ream A4,4,6,3,24,12,12,Daniel Smith,Transfer,Pending
ORD-10413,2024-02-17,CUST-178,Small Business,Asia-Pacific,Australia,PRD-08,Furniture,Conference Table,1,2200,2000,2200,2000,200,Sophie Klein,Cash,Completed
ORD-10414,2024-02-18,CUST-412,Corporate,Middle East,United Arab Emirates,PRD-09,Office Supplies,Ink Cartridge XL,4,45,40,180,160,20,Marie Dubois,Card,Completed
ORD-10415,2024-02-19,CUST-256,Consumer,South America,Brazil,PRD-01,Electronics,Laptop Pro 14,4,1200,900,4800,3600,1200,Jan de Vries,Transfer,Returned
ORD-10416,2024-02-20,CUST-389,Small Business,Europe,France,PRD-02,Electronics,Tablet Air 10,7,600,520,4200,3640,560,Liam Chen,Card,Completed
ORD-10417,2024-02-21,CUST-144,Corporate,North America,Canada,PRD-03,Furniture,Office Chair Deluxe,7,320,250,2240,1750,490,Wei Zhang,Card,Pending
ORD-10418,2024-02-22,CUST-198,Consumer,Asia-Pacific,Singapore,PRD-04,Furniture,Standing Desk Pro,6,850,700,5100,4200,900,Omar Hassan,Cash,Completed
ORD-10419,2024-02-23,CUST-501,Corporate,Europe,Netherlands,PRD-05,Electronics,Wireless Monitor 27,3,450,380,1350,1140,210,Fahad Al Saud,Cash,Pending
ORD-10420,2024-02-24,CUST-322,Small Business,Middle East,Saudi Arabia,PRD-06,Office Supply,Wireless Mouse,1,25,18,25,18,7,Lucas Pereira,Card,Pending
ORD-10421,2024-02-25,CUST-201,Corporate,North America,United States,PRD-07,Office Supplies,Paper Ream A4,6,6,3,36,18,18,Alex Morgan,Cash,Completed
ORD-10422,2024-02-26,CUST-305,Consumer,Europe,Germany,PRD-08,Furniture,Conference Table,1,2200,2000,2200,2000,200,Daniel Smith,Transfer,Completed
ORD-10423,2024-02-27,CUST-178,Small Business,Asia-Pacific,Australia,PRD-09,Office Supplies,Ink Cartridge XL,7,45,40,315,280,35,Sophie Klein,Transfer,Completed
ORD-10424,2024-02-28,CUST-412,Corporate,Middle East,United Arab Emirates,PRD-01,Electronics,Laptop Pro 14,6,1200,900,7200,5400,1800,Marie Dubois,Card,Completed
ORD-10425,2024-02-29,CUST-256,Consumer,South America,Brazil,PRD-02,Electronics,Tablet Air 10,6,600,520,3600,3120,480,Jan de Vries,Transfer,Completed
ORD-10426,2024-03-01,CUST-389,Small Business,Europe,France,PRD-03,Furniture,Office Chair Deluxe,7,320,250,2240,1750,490,Liam Chen,Card,Pending
ORD-10427,2024-03-02,CUST-144,Corporate,North America,Canada,PRD-04,Furniture,Standing Desk Pro,7,850,700,5950,4900,1050,Wei Zhang,Cash,Completed
ORD-10428,2024-03-03,CUST-198,Consumer,Asia-Pacific,Singapore,PRD-05,Electronics,Wireless Monitor 27,2,450,380,900,760,140,Omar Hassan,Transfer,Completed
ORD-10429,2024-03-04,CUST-501,Corporate,Europe,Netherlands,PRD-06,Office Supply,Wireless Mouse,6,25,18,150,108,42,Fahad Al Saud,Transfer,Returned
ORD-10430,2024-03-05,CUST-322,Small Business,Middle East,Saudi Arabia,PRD-07,Office Supplies,Paper Ream A4,1,6,3,6,3,3,Lucas Pereira,Cash,Returned
ORD-10431,2024-03-06,CUST-201,Corporate,North America,United States,PRD-08,Furniture,Conference Table,2,2200,2000,4400,4000,400,Alex Morgan,Cash,Pending
ORD-10432,2024-03-07,CUST-305,Consumer,Europe,Germany,PRD-09,Office Supplies,Ink Cartridge XL,1,45,40,45,40,5,Daniel Smith,Card,Completed
ORD-10433,2024-03-08,CUST-178,Small Business,Asia-Pacific,Australia,PRD-01,Electronics,Laptop Pro 14,7,1200,900,8400,6300,2100,Sophie Klein,Cash,Pending
ORD-10434,2024-03-09,CUST-412,Corporate,Middle East,United Arab Emirates,PRD-02,Electronics,Tablet Air 10,6,600,520,3600,3120,480,Marie Dubois,Card,Pending
ORD-10435,2024-03-10,CUST-256,Consumer,South America,Brazil,PRD-03,Furniture,Office Chair Deluxe,3,320,250,960,750,210,Jan de Vries,Cash,Completed
ORD-10436,2024-03-11,CUST-389,Small Business,Europe,France,PRD-04,Furniture,Standing Desk Pro,4,850,700,3400,2800,600,Liam Chen,Cash,Completed
ORD-10437,2024-03-12,CUST-144,Corporate,North America,Canada,PRD-05,Electronics,Wireless Monitor 27,3,450,380,1350,1140,210,Wei Zhang,Transfer,Completed
ORD-10438,2024-03-13,CUST-198,Consumer,Asia-Pacific,Singapore,PRD-06,Office Supply,Wireless Mouse,4,25,18,100,72,28,Omar Hassan,Card,Pending
ORD-10439,2024-03-14,CUST-501,Corporate,Europe,Netherlands,PRD-07,Office Supplies,Paper Ream A4,6,6,3,36,18,18,Fahad Al Saud,Cash,Completed
ORD-10440,2024-03-15,CUST-322,Small Business,Middle East,Saudi Arabia,PRD-08,Furniture,Conference Table,7,2200,2000,15400,14000,1400,Lucas Pereira,Transfer,Completed
ORD-10441,2024-03-16,CUST-201,Corporate,North America,United States,PRD-09,Office Supplies,Ink Cartridge XL,7,45,40,315,280,35,Alex Morgan,Card,Completed
ORD-10442,2024-03-17,CUST-305,Consumer,Europe,Germany,PRD-01,Electronics,Laptop Pro 14,5,1200,900,6000,4500,1500,Daniel Smith,Cash,Returned
ORD-10443,2024-03-18,CUST-178,Small Business,Asia-Pacific,Australia,PRD-02,Electronics,Tablet Air 10,5,600,520,3000,2600,400,Sophie Klein,Transfer,Completed
ORD-10444,2024-03-19,CUST-412,Corporate,Middle East,United Arab Emirates,PRD-03,Furniture,Office Chair Deluxe,1,320,250,320,250,70,Marie Dubois,Cash,Pending
ORD-10445,2024-03-20,CUST-256,Consumer,South America,Brazil,PRD-04,Furniture,Standing Desk Pro,4,850,700,3400,2800,600,Jan de Vries,Cash,Completed
ORD-10446,2024-03-21,CUST-389,Small Business,Europe,France,PRD-05,Electronics,Wireless Monitor 27,7,450,380,3150,2660,490,Liam Chen,Transfer,Completed
ORD-10447,2024-03-22,CUST-144,Corporate,North America,Canada,PRD-06,Office Supply,Wireless Mouse,7,25,18,175,126,49,Wei Zhang,Cash,Returned
ORD-10448,2024-03-23,CUST-198,Consumer,Asia-Pacific,Singapore,PRD-07,Office Supplies,Paper Ream A4,4,6,3,24,12,12,Omar Hassan,Card,Pending
ORD-10449,2024-03-24,CUST-501,Corporate,Europe,Netherlands,PRD-08,Furniture,Conference Table,6,2200,2000,13200,12000,1200,Fahad Al Saud,Transfer,Completed
ORD-10450,2024-03-25,CUST-322,Small Business,Middle East,Saudi Arabia,PRD-09,Office Supplies,Ink Cartridge XL,2,45,40,90,80,10,Lucas Pereira,Card,Returned
ORD-10451,2024-03-26,CUST-201,Corporate,North America,United States,PRD-01,Electronics,Laptop Pro 14,3,1200,900,3600,2700,900,Alex Morgan,Transfer,Returned
ORD-10452,2024-03-27,CUST-305,Consumer,Europe,Germany,PRD-02,Electronics,Tablet Air 10,1,600,520,600,520,80,Daniel Smith,Transfer,Completed
ORD-10453,2024-03-28,CUST-178,Small Business,Asia-Pacific,Australia,PRD-03,Furniture,Office Chair Deluxe,6,320,250,1920,1500,420,Sophie Klein,Cash,Completed
ORD-10454,2024-03-29,CUST-412,Corporate,Middle East,United Arab Emirates,PRD-04,Furniture,Standing Desk Pro,2,850,700,1700,1400,300,Marie Dubois,Cash,Completed
ORD-10455,2024-03-30,CUST-256,Consumer,South America,Brazil,PRD-05,Electronics,Wireless Monitor 27,6,450,380,2700,2280,420,Jan de Vries,Card,Completed
ORD-10456,2024-03-31,CUST-389,Small Business,Europe,France,PRD-06,Office Supply,Wireless Mouse,5,25,18,125,90,35,Liam Chen,Card,Completed
ORD-10457,2024-04-01,CUST-144,Corporate,North America,Canada,PRD-07,Office Supplies,Paper Ream A4,6,6,3,36,18,18,Wei Zhang,Transfer,Completed
ORD-10458,2024-04-02,CUST-198,Consumer,Asia-Pacific,Singapore,PRD-08,Furniture,Conference Table,6,2200,2000,13200,12000,1200,Omar Hassan,Transfer,Completed
ORD-10459,2024-04-03,CUST-501,Corporate,Europe,Netherlands,PRD-09,Office Supplies,Ink Cartridge XL,5,45,40,225,200,25,Fahad Al Saud,Card,Completed
ORD-10460,2024-04-04,CUST-322,Small Business,Middle East,Saudi Arabia,PRD-01,Electronics,Laptop Pro 14,7,1200,900,8400,6300,2100,Lucas Pereira,Card,Completed
ORD-10461,2024-04-05,CUST-201,Corporate,North America,United States,PRD-02,Electronics,Tablet Air 10,6,600,520,3600,3120,480,Alex Morgan,Transfer,Pending
ORD-10462,2024-04-06,CUST-305,Consumer,Europe,Germany,PRD-03,Furniture,Office Chair Deluxe,2,320,250,640,500,140,Daniel Smith,Card,Completed
ORD-10463,2024-04-07,CUST-178,Small Business,Asia-Pacific,Australia,PRD-04,Furniture,Standing Desk Pro,1,850,700,850,700,150,Sophie Klein,Card,Completed
ORD-10464,2024-04-08,CUST-412,Corporate,Middle East,United Arab Emirates,PRD-05,Electronics,Wireless Monitor 27,6,450,380,2700,2280,420,Marie Dubois,Transfer,Returned
ORD-10465,2024-04-09,CUST-256,Consumer,South America,Brazil,PRD-06,Office Supply,Wireless Mouse,7,25,18,175,126,49,Jan de Vries,Card,Completed
ORD-10466,2024-04-10,CUST-389,Small Business,Europe,France,PRD-07,Office Supplies,Paper Ream A4,6,6,3,36,18,18,Liam Chen,Card,Completed
ORD-10467,2024-04-11,CUST-144,Corporate,North America,Canada,PRD-08,Furniture,Conference Table,1,2200,2000,2200,2000,200,Wei Zhang,Cash,Completed
ORD-10468,2024-04-12,CUST-198,Consumer,Asia-Pacific,Singapore,PRD-09,Office Supplies,Ink Cartridge XL,2,45,40,90,80,10,Omar Hassan,Card,Completed
ORD-10469,2024-04-13,CUST-501,Corporate,Europe,Netherlands,PRD-01,Electronics,Laptop Pro 14,5,1200,900,6000,4500,1500,Fahad Al Saud,Cash,Completed
ORD-10470,2024-04-14,CUST-322,Small Business,Middle East,Saudi Arabia,PRD-02,Electronics,Tablet Air 10,5,600,520,3000,2600,400,Lucas Pereira,Card,Completed
ORD-10471,2024-04-15,CUST-201,Corporate,North America,United States,PRD-03,Furniture,Office Chair Deluxe,5,320,250,1600,1250,350,Alex Morgan,Transfer,Completed
ORD-10472,2024-04-16,CUST-305,Consumer,Europe,Germany,PRD-04,Furniture,Standing Desk Pro,6,850,700,5100,4200,900,Daniel Smith,Transfer,Returned
ORD-10473,2024-04-17,CUST-178,Small Business,Asia-Pacific,Australia,PRD-05,Electronics,Wireless Monitor 27,6,450,380,2700,2280,420,Sophie Klein,Cash,Completed
ORD-10474,2024-04-18,CUST-412,Corporate,Middle East,United Arab Emirates,PRD-06,Office Supply,Wireless Mouse,3,25,18,75,54,21,Marie Dubois,Card,Returned
ORD-10475,2024-04-19,CUST-256,Consumer,South America,Brazil,PRD-07,Office Supplies,Paper Ream A4,3,6,3,18,9,9,Jan de Vries,Transfer,Pending
ORD-10476,2024-04-20,CUST-389,Small Business,Europe,France,PRD-08,Furniture,Conference Table,5,2200,2000,11000,10000,1000,Liam Chen,Cash,Completed
ORD-10477,2024-04-21,CUST-144,Corporate,North America,Canada,PRD-09,Office Supplies,Ink Cartridge XL,4,45,40,180,160,20,Wei Zhang,Card,Completed
ORD-10478,2024-04-22,CUST-198,Consumer,Asia-Pacific,Singapore,PRD-01,Electronics,Laptop Pro 14,7,1200,900,8400,6300,2100,Omar Hassan,Cash,Completed
ORD-10479,2024-04-23,CUST-501,Corporate,Europe,Netherlands,PRD-02,Electronics,Tablet Air 10,7,600,520,4200,3640,560,Fahad Al Saud,Cash,Pending
ORD-10480,2024-04-24,CUST-322,Small Business,Middle East,Saudi Arabia,PRD-03,Furniture,Office Chair Deluxe,1,320,250,320,250,70,Lucas Pereira,Transfer,Returned
ORD-10481,2024-04-25,CUST-201,Corporate,North America,United States,PRD-04,Furniture,Standing Desk Pro,7,850,700,5950,4900,1050,Alex Morgan,Cash,Completed
ORD-10482,2024-04-26,CUST-305,Consumer,Europe,Germany,PRD-05,Electronics,Wireless Monitor 27,4,450,380,1800,1520,280,Daniel Smith,Cash,Completed
ORD-10483,2024-04-27,CUST-178,Small Business,Asia-Pacific,Australia,PRD-06,Office Supply,Wireless Mouse,6,25,18,150,108,42,Sophie Klein,Cash,Pending
ORD-10484,2024-04-28,CUST-412,Corporate,Middle East,United Arab Emirates,PRD-07,Office Supplies,Paper Ream A4,3,6,3,18,9,9,Marie Dubois,Transfer,Completed
ORD-10485,2024-04-29,CUST-256,Consumer,South America,Brazil,PRD-08,Furniture,Conference Table,2,2200,2000,4400,4000,400,Jan de Vries,Transfer,Pending
ORD-10486,2024-04-30,CUST-389,Small Business,Europe,France,PRD-09,Office Supplies,Ink Cartridge XL,1,45,40,45,40,5,Liam Chen,Card,Completed
ORD-10487,2024-05-01,CUST-144,Corporate,North America,Canada,PRD-01,Electronics,Laptop Pro 14,1,1200,900,1200,900,300,Wei Zhang,Card,Pending
ORD-10488,2024-05-02,CUST-198,Consumer,Asia-Pacific,Singapore,PRD-02,Electronics,Tablet Air 10,3,600,520,1800,1560,240,Omar Hassan,Transfer,Completed
ORD-10489,2024-05-03,CUST-501,Corporate,Europe,Netherlands,PRD-03,Furniture,Office Chair Deluxe,7,320,250,2240,1750,490,Fahad Al Saud,Cash,Completed
ORD-10490,2024-05-04,CUST-322,Small Business,Middle East,Saudi Arabia,PRD-04,Furniture,Standing Desk Pro,2,850,700,1700,1400,300,Lucas Pereira,Card,Returned
ORD-10491,2024-05-05,CUST-201,Corporate,North America,United States,PRD-05,Electronics,Wireless Monitor 27,4,450,380,1800,1520,280,Alex Morgan,Cash,Completed
ORD-10492,2024-05-06,CUST-305,Consumer,Europe,Germany,PRD-06,Office Supply,Wireless Mouse,4,25,18,100,72,28,Daniel Smith,Cash,Pending
ORD-10493,2024-05-07,CUST-178,Small Business,Asia-Pacific,Australia,PRD-07,Office Supplies,Paper Ream A4,4,6,3,24,12,12,Sophie Klein,Cash,Completed
ORD-10494,2024-05-08,CUST-412,Corporate,Middle East,United Arab Emirates,PRD-08,Furniture,Conference Table,1,2200,2000,2200,2000,200,Marie Dubois,Card,Completed
ORD-10495,2024-05-09,CUST-256,Consumer,South America,Brazil,PRD-09,Office Supplies,Ink Cartridge XL,2,45,40,90,80,10,Jan de Vries,Card,Completed
ORD-10496,2024-05-10,CUST-389,Small Business,Europe,France,PRD-01,Electronics,Laptop Pro 14,7,1200,900,8400,6300,2100,Liam Chen,Transfer,Completed
ORD-10497,2024-05-11,CUST-144,Corporate,North America,Canada,PRD-02,Electronics,Tablet Air 10,7,600,520,4200,3640,560,Wei Zhang,Card,Completed
ORD-10498,2024-05-12,CUST-198,Consumer,Asia-Pacific,Singapore,PRD-03,Furniture,Office Chair Deluxe,7,320,250,2240,1750,490,Omar Hassan,Card,Completed
ORD-10499,2024-05-13,CUST-501,Corporate,Europe,Netherlands,PRD-04,Furniture,Standing Desk Pro,2,850,700,1700,1400,300,Fahad Al Saud,Card,Returned
ORD-10500,2024-05-14,CUST-322,Small Business,Middle East,Saudi Arabia,PRD-05,Electronics,Wireless Monitor 27,7,450,380,3150,2660,490,Lucas Pereira,Cash,Completed
ORD-10501,2024-05-15,CUST-201,Corporate,North America,United States,PRD-06,Office Supply,Wireless Mouse,1,25,18,25,18,7,Alex Morgan,Card,Completed
ORD-10502,2024-05-16,CUST-305,Consumer,Europe,Germany,PRD-07,Office Supplies,Paper Ream A4,7,6,3,42,21,21,Daniel Smith,Transfer,Completed
ORD-10503,2024-05-17,CUST-178,Small Business,Asia-Pacific,Australia,PRD-08,Furniture,Conference Table,7,2200,2000,15400,14000,1400,Sophie Klein,Transfer,Pending
ORD-10504,2024-05-18,CUST-412,Corporate,Middle East,United Arab Emirates,PRD-09,Office Supplies,Ink Cartridge XL,6,45,40,270,240,30,Marie Dubois,Transfer,Pending
ORD-10505,2024-05-19,CUST-256,Consumer,South America,Brazil,PRD-01,Electronics,Laptop Pro 14,7,1200,900,8400,6300,2100,Jan de Vries,Card,Completed
ORD-10506,2024-05-20,CUST-389,Small Business,Europe,France,PRD-02,Electronics,Tablet Air 10,2,600,520,1200,1040,160,Liam Chen,Cash,Pending
ORD-10507,2024-05-21,CUST-144,Corporate,North America,Canada,PRD-03,Furniture,Office Chair Deluxe,2,320,250,640,500,140,Wei Zhang,Cash,Returned
ORD-10508,2024-05-22,CUST-198,Consumer,Asia-Pacific,Singapore,PRD-04,Furniture,Standing Desk Pro,7,850,700,5950,4900,1050,Omar Hassan,Cash,Completed
ORD-10509,2024-05-23,CUST-501,Corporate,Europe,Netherlands,PRD-05,Electronics,Wireless Monitor 27,3,450,380,1350,1140,210,Fahad Al Saud,Transfer,Completed
ORD-10510,2024-05-24,CUST-322,Small Business,Middle East,Saudi Arabia,PRD-06,Office Supply,Wireless Mouse,6,25,18,150,108,42,Lucas Pereira,Cash,Completed
ORD-10511,2024-05-25,CUST-201,Corporate,North America,United States,PRD-07,Office Supplies,Paper Ream A4,4,6,3,24,12,12,Alex Morgan,Card,Completed
ORD-10512,2024-05-26,CUST-305,Consumer,Europe,Germany,PRD-08,Furniture,Conference Table,3,2200,2000,6600,6000,600,Daniel Smith,Card,Completed
ORD-10513,2024-05-27,CUST-178,Small Business,Asia-Pacific,Australia,PRD-09,Office Supplies,Ink Cartridge XL,2,45,40,90,80,10,Sophie Klein,Cash,Returned
ORD-10514,2024-05-28,CUST-412,Corporate,Middle East,United Arab Emirates,PRD-01,Electronics,Laptop Pro 14,7,1200,900,8400,6300,2100,Marie Dubois,Cash,Completed
ORD-10515,2024-05-29,CUST-256,Consumer,South America,Brazil,PRD-02,Electronics,Tablet Air 10,4,600,520,2400,2080,320,Jan de Vries,Card,Completed
ORD-10516,2024-05-30,CUST-389,Small Business,Europe,France,PRD-03,Furniture,Office Chair Deluxe,5,320,250,1600,1250,350,Liam Chen,Transfer,Completed
ORD-10517,2024-05-31,CUST-144,Corporate,North America,Canada,PRD-04,Furniture,Standing Desk Pro,5,850,700,4250,3500,750,Wei Zhang,Transfer,Returned
ORD-10518,2024-06-01,CUST-198,Consumer,Asia-Pacific,Singapore,PRD-05,Electronics,Wireless Monitor 27,6,450,380,2700,2280,420,Omar Hassan,Transfer,Completed
ORD-10519,2024-06-02,CUST-501,Corporate,Europe,Netherlands,PRD-06,Office Supply,Wireless Mouse,2,25,18,50,36,14,Fahad Al Saud,Transfer,Completed
ORD-10520,2024-06-03,CUST-322,Small Business,Middle East,Saudi Arabia,PRD-07,Office Supplies,Paper Ream A4,7,6,3,42,21,21,Lucas Pereira,Card,Pending
ORD-10521,2024-06-04,CUST-201,Corporate,North America,United States,PRD-08,Furniture,Conference Table,2,2200,2000,4400,4000,400,Alex Morgan,Cash,Completed
ORD-10522,2024-06-05,CUST-305,Consumer,Europe,Germany,PRD-09,Office Supplies,Ink Cartridge XL,7,45,40,315,280,35,Daniel Smith,Transfer,Returned
ORD-10523,2024-06-06,CUST-178,Small Business,Asia-Pacific,Australia,PRD-01,Electronics,Laptop Pro 14,5,1200,900,6000,4500,1500,Sophie Klein,Transfer,Completed
ORD-10524,2024-06-07,CUST-412,Corporate,Middle East,United Arab Emirates,PRD-02,Electronics,Tablet Air 10,5,600,520,3000,2600,400,Marie Dubois,Transfer,Pending
ORD-10525,2024-06-08,CUST-256,Consumer,South America,Brazil,PRD-03,Furniture,Office Chair Deluxe,4,320,250,1280,1000,280,Jan de Vries,Card,Returned
ORD-10526,2024-06-09,CUST-389,Small Business,Europe,France,PRD-04,Furniture,Standing Desk Pro,7,850,700,5950,4900,1050,Liam Chen,Card,Completed
ORD-10527,2024-06-10,CUST-144,Corporate,North America,Canada,PRD-05,Electronics,Wireless Monitor 27,6,450,380,2700,2280,420,Wei Zhang,Card,Returned
ORD-10528,2024-06-11,CUST-198,Consumer,Asia-Pacific,Singapore,PRD-06,Office Supply,Wireless Mouse,5,25,18,125,90,35,Omar Hassan,Card,Completed
ORD-10529,2024-06-12,CUST-501,Corporate,Europe,Netherlands,PRD-07,Office Supplies,Paper Ream A4,3,6,3,18,9,9,Fahad Al Saud,Card,Completed
ORD-10530,2024-06-13,CUST-322,Small Business,Middle East,Saudi Arabia,PRD-08,Furniture,Conference Table,4,2200,2000,8800,8000,800,Lucas Pereira,Transfer,Pending
ORD-10531,2024-06-14,CUST-201,Corporate,North America,United States,PRD-09,Office Supplies,Ink Cartridge XL,1,45,40,45,40,5,Alex Morgan,Card,Pending
ORD-10532,2024-06-15,CUST-305,Consumer,Europe,Germany,PRD-01,Electronics,Laptop Pro 14,6,1200,900,7200,5400,1800,Daniel Smith,Cash,Completed
ORD-10533,2024-06-16,CUST-178,Small Business,Asia-Pacific,Australia,PRD-02,Electronics,Tablet Air 10,7,600,520,4200,3640,560,Sophie Klein,Card,Completed
ORD-10534,2024-06-17,CUST-412,Corporate,Middle East,United Arab Emirates,PRD-03,Furniture,Office Chair Deluxe,4,320,250,1280,1000,280,Marie Dubois,Cash,Completed
ORD-10535,2024-06-18,CUST-256,Consumer,South America,Brazil,PRD-04,Furniture,Standing Desk Pro,5,850,700,4250,3500,750,Jan de Vries,Card,Pending
ORD-10536,2024-06-19,CUST-389,Small Business,Europe,France,PRD-05,Electronics,Wireless Monitor 27,3,450,380,1350,1140,210,Liam Chen,Transfer,Completed
ORD-10537,2024-06-20,CUST-144,Corporate,North America,Canada,PRD-06,Office Supply,Wireless Mouse,6,25,18,150,108,42,Wei Zhang,Card,Completed
ORD-10538,2024-06-21,CUST-198,Consumer,Asia-Pacific,Singapore,PRD-07,Office Supplies,Paper Ream A4,1,6,3,6,3,3,Omar Hassan,Cash,Returned
ORD-10539,2024-06-22,CUST-501,Corporate,Europe,Netherlands,PRD-08,Furniture,Conference Table,4,2200,2000,8800,8000,800,Fahad Al Saud,Cash,Returned
ORD-10540,2024-06-23,CUST-322,Small Business,Middle East,Saudi Arabia,PRD-09,Office Supplies,Ink Cartridge XL,5,45,40,225,200,25,Lucas Pereira,Cash,Pending
ORD-10541,2024-06-24,CUST-201,Corporate,North America,United States,PRD-01,Electronics,Laptop Pro 14,3,1200,900,3600,2700,900,Alex Morgan,Card,Completed
ORD-10542,2024-06-25,CUST-305,Consumer,Europe,Germany,PRD-02,Electronics,Tablet Air 10,3,600,520,1800,1560,240,Daniel Smith,Transfer,Completed
ORD-10543,2024-06-26,CUST-178,Small Business,Asia-Pacific,Australia,PRD-03,Furniture,Office Chair Deluxe,2,320,250,640,500,140,Sophie Klein,Card,Completed
ORD-10544,2024-06-27,CUST-412,Corporate,Middle East,United Arab Emirates,PRD-04,Furniture,Standing Desk Pro,2,850,700,1700,1400,300,Marie Dubois,Cash,Pending
ORD-10545,2024-06-28,CUST-256,Consumer,South America,Brazil,PRD-05,Electronics,Wireless Monitor 27,5,450,380,2250,1900,350,Jan de Vries,Transfer,Completed
ORD-10546,2024-06-29,CUST-389,Small Business,Europe,France,PRD-06,Office Supply,Wireless Mouse,1,25,18,25,18,7,Liam Chen,Cash,Returned
ORD-10547,2024-06-30,CUST-144,Corporate,North America,Canada,PRD-07,Office Supplies,Paper Ream A4,2,6,3,12,6,6,Wei Zhang,Card,Pending
ORD-10548,2024-07-01,CUST-198,Consumer,Asia-Pacific,Singapore,PRD-08,Furniture,Conference Table,3,2200,2000,6600,6000,600,Omar Hassan,Transfer,Completed
ORD-10549,2024-07-02,CUST-501,Corporate,Europe,Netherlands,PRD-09,Office Supplies,Ink Cartridge XL,2,45,40,90,80,10,Fahad Al Saud,Transfer,Completed
ORD-10550,2024-07-03,CUST-322,Small Business,Middle East,Saudi Arabia,PRD-01,Electronics,Laptop Pro 14,3,1200,900,3600,2700,900,Lucas Pereira,Cash,Pending
ORD-10551,2024-07-04,CUST-201,Corporate,North America,United States,PRD-02,Electronics,Tablet Air 10,5,600,520,3000,2600,400,Alex Morgan,Cash,Completed
ORD-10552,2024-07-05,CUST-305,Consumer,Europe,Germany,PRD-03,Furniture,Office Chair Deluxe,1,320,250,320,250,70,Daniel Smith,Transfer,Pending
ORD-10553,2024-07-06,CUST-178,Small Business,Asia-Pacific,Australia,PRD-04,Furniture,Standing Desk Pro,2,850,700,1700,1400,300,Sophie Klein,Cash,Completed
ORD-10554,2024-07-07,CUST-412,Corporate,Middle East,United Arab Emirates,PRD-05,Electronics,Wireless Monitor 27,3,450,380,1350,1140,210,Marie Dubois,Cash,Returned
ORD-10555,2024-07-08,CUST-256,Consumer,South America,Brazil,PRD-06,Office Supply,Wireless Mouse,5,25,18,125,90,35,Jan de Vries,Card,Completed
ORD-10556,2024-07-09,CUST-389,Small Business,Europe,France,PRD-07,Office Supplies,Paper Ream A4,1,6,3,6,3,3,Liam Chen,Transfer,Returned
ORD-10557,2024-07-10,CUST-144,Corporate,North America,Canada,PRD-08,Furniture,Conference Table,2,2200,2000,4400,4000,400,Wei Zhang,Card,Completed
ORD-10558,2024-07-11,CUST-198,Consumer,Asia-Pacific,Singapore,PRD-09,Office Supplies,Ink Cartridge XL,5,45,40,225,200,25,Omar Hassan,Cash,Completed
ORD-10559,2024-07-12,CUST-501,Corporate,Europe,Netherlands,PRD-01,Electronics,Laptop Pro 14,2,1200,900,2400,1800,600,Fahad Al Saud,Cash,Completed
ORD-10560,2024-07-13,CUST-322,Small Business,Middle East,Saudi Arabia,PRD-02,Electronics,Tablet Air 10,5,600,520,3000,2600,400,Lucas Pereira,Transfer,Completed
ORD-10561,2024-07-14,CUST-201,Corporate,North America,United States,PRD-03,Furniture,Office Chair Deluxe,6,320,250,1920,1500,420,Alex Morgan,Card,Returned
ORD-10562,2024-07-15,CUST-305,Consumer,Europe,Germany,PRD-04,Furniture,Standing Desk Pro,5,850,700,4250,3500,750,Daniel Smith,Card,Pending
ORD-10563,2024-07-16,CUST-178,Small Business,Asia-Pacific,Australia,PRD-05,Electronics,Wireless Monitor 27,1,450,380,450,380,70,Sophie Klein,Transfer,Pending
ORD-10564,2024-07-17,CUST-412,Corporate,Middle East,United Arab Emirates,PRD-06,Office Supply,Wireless Mouse,6,25,18,150,108,42,Marie Dubois,Card,Completed
ORD-10565,2024-07-18,CUST-256,Consumer,South America,Brazil,PRD-07,Office Supplies,Paper Ream A4,2,6,3,12,6,6,Jan de Vries,Cash,Completed
ORD-10566,2024-07-19,CUST-389,Small Business,Europe,France,PRD-08,Furniture,Conference Table,3,2200,2000,6600,6000,600,Liam Chen,Card,Pending
ORD-10567,2024-07-20,CUST-144,Corporate,North America,Canada,PRD-09,Office Supplies,Ink Cartridge XL,1,45,40,45,40,5,Wei Zhang,Transfer,Completed
ORD-10568,2024-07-21,CUST-198,Consumer,Asia-Pacific,Singapore,PRD-01,Electronics,Laptop Pro 14,4,1200,900,4800,3600,1200,Omar Hassan,Card,Completed
ORD-10569,2024-07-22,CUST-501,Corporate,Europe,Netherlands,PRD-02,Electronics,Tablet Air 10,3,600,520,1800,1560,240,Fahad Al Saud,Card,Pending
ORD-10570,2024-07-23,CUST-322,Small Business,Middle East,Saudi Arabia,PRD-03,Furniture,Office Chair Deluxe,3,320,250,960,750,210,Lucas Pereira,Card,Completed
ORD-10571,2024-07-24,CUST-201,Corporate,North America,United States,PRD-04,Furniture,Standing Desk Pro,5,850,700,4250,3500,750,Alex Morgan,Transfer,Returned
ORD-10572,2024-07-25,CUST-305,Consumer,Europe,Germany,PRD-05,Electronics,Wireless Monitor 27,7,450,380,3150,2660,490,Daniel Smith,Cash,Returned
ORD-10573,2024-07-26,CUST-178,Small Business,Asia-Pacific,Australia,PRD-06,Office Supply,Wireless Mouse,7,25,18,175,126,49,Sophie Klein,Card,Completed
ORD-10574,2024-07-27,CUST-412,Corporate,Middle East,United Arab Emirates,PRD-07,Office Supplies,Paper Ream A4,5,6,3,30,15,15,Marie Dubois,Transfer,Completed
ORD-10575,2024-07-28,CUST-256,Consumer,South America,Brazil,PRD-08,Furniture,Conference Table,3,2200,2000,6600,6000,600,Jan de Vries,Cash,Completed
ORD-10576,2024-07-29,CUST-389,Small Business,Europe,France,PRD-09,Office Supplies,Ink Cartridge XL,2,45,40,90,80,10,Liam Chen,Cash,Pending
ORD-10577,2024-07-30,CUST-144,Corporate,North America,Canada,PRD-01,Electronics,Laptop Pro 14,6,1200,900,7200,5400,1800,Wei Zhang,Cash,Completed
ORD-10578,2024-07-31,CUST-198,Consumer,Asia-Pacific,Singapore,PRD-02,Electronics,Tablet Air 10,4,600,520,2400,2080,320,Omar Hassan,Transfer,Pending
ORD-10579,2024-08-01,CUST-501,Corporate,Europe,Netherlands,PRD-03,Furniture,Office Chair Deluxe,5,320,250,1600,1250,350,Fahad Al Saud,Cash,Completed
ORD-10580,2024-08-02,CUST-322,Small Business,Middle East,Saudi Arabia,PRD-04,Furniture,Standing Desk Pro,5,850,700,4250,3500,750,Lucas Pereira,Transfer,Completed
ORD-10581,2024-08-03,CUST-201,Corporate,North America,United States,PRD-05,Electronics,Wireless Monitor 27,1,450,380,450,380,70,Alex Morgan,Card,Completed
ORD-10582,2024-08-04,CUST-305,Consumer,Europe,Germany,PRD-06,Office Supply,Wireless Mouse,7,25,18,175,126,49,Daniel Smith,Transfer,Returned
ORD-10583,2024-08-05,CUST-178,Small Business,Asia-Pacific,Australia,PRD-07,Office Supplies,Paper Ream A4,5,6,3,30,15,15,Sophie Klein,Cash,Completed
ORD-10584,2024-08-06,CUST-412,Corporate,Middle East,United Arab Emirates,PRD-08,Furniture,Conference Table,6,2200,2000,13200,12000,1200,Marie Dubois,Cash,Completed
ORD-10585,2024-08-07,CUST-256,Consumer,South America,Brazil,PRD-09,Office Supplies,Ink Cartridge XL,1,45,40,45,40,5,Jan de Vries,Transfer,Returned
ORD-10586,2024-08-08,CUST-389,Small Business,Europe,France,PRD-01,Electronics,Laptop Pro 14,4,1200,900,4800,3600,1200,Liam Chen,Cash,Pending
ORD-10587,2024-08-09,CUST-144,Corporate,North America,Canada,PRD-02,Electronics,Tablet Air 10,5,600,520,3000,2600,400,Wei Zhang,Transfer,Returned
ORD-10588,2024-08-10,CUST-198,Consumer,Asia-Pacific,Singapore,PRD-03,Furniture,Office Chair Deluxe,4,320,250,1280,1000,280,Omar Hassan,Transfer,Returned
ORD-10589,2024-08-11,CUST-501,Corporate,Europe,Netherlands,PRD-04,Furniture,Standing Desk Pro,3,850,700,2550,2100,450,Fahad Al Saud,Card,Returned
ORD-10590,2024-08-12,CUST-322,Small Business,Middle East,Saudi Arabia,PRD-05,Electronics,Wireless Monitor 27,6,450,380,2700,2280,420,Lucas Pereira,Card,Completed
ORD-10591,2024-08-13,CUST-201,Corporate,North America,United States,PRD-06,Office Supply,Wireless Mouse,6,25,18,150,108,42,Alex Morgan,Card,Completed
ORD-10592,2024-08-14,CUST-305,Consumer,Europe,Germany,PRD-07,Office Supplies,Paper Ream A4,3,6,3,18,9,9,Daniel Smith,Transfer,Completed
ORD-10593,2024-08-15,CUST-178,Small Business,Asia-Pacific,Australia,PRD-08,Furniture,Conference Table,6,2200,2000,13200,12000,1200,Sophie Klein,Cash,Pending
ORD-10594,2024-08-16,CUST-412,Corporate,Middle East,United Arab Emirates,PRD-09,Office Supplies,Ink Cartridge XL,4,45,40,180,160,20,Marie Dubois,Cash,Completed
ORD-10595,2024-08-17,CUST-256,Consumer,South America,Brazil,PRD-01,Electronics,Laptop Pro 14,4,1200,900,4800,3600,1200,Jan de Vries,Card,Returned
ORD-10596,2024-08-18,CUST-389,Small Business,Europe,France,PRD-02,Electronics,Tablet Air 10,7,600,520,4200,3640,560,Liam Chen,Card,Completed
ORD-10597,2024-08-19,CUST-144,Corporate,North America,Canada,PRD-03,Furniture,Office Chair Deluxe,1,320,250,320,250,70,Wei Zhang,Transfer,Completed
ORD-10598,2024-08-20,CUST-198,Consumer,Asia-Pacific,Singapore,PRD-04,Furniture,Standing Desk Pro,3,850,700,2550,2100,450,Omar Hassan,Transfer,Completed
ORD-10599,2024-08-21,CUST-501,Corporate,Europe,Netherlands,PRD-05,Electronics,Wireless Monitor 27,2,450,380,900,760,140,Fahad Al Saud,Transfer,Completed
ORD-10600,2024-08-22,CUST-322,Small Business,Middle East,Saudi Arabia,PRD-06,Office Supply,Wireless Mouse,5,25,18,125,90,35,Lucas Pereira,Card,Completed
